index,PID,ranking,name
0,05084,100.0,Tadeusz Kaczanowski
1,18354,99.2,Małgorzata Buduła
2,18319,99.2,Rafał Przybysz
3,07909,99.02,Paweł Pietrażycki
4,04332,98.5,Kazimierz Kulas
5,08769,98.24,Sławomir Piechocki
6,01668,98.16,Edward Szafraniec
7,15825,97.39,Kazimierz Salak
8,14534,97.24,Roman Wajs
9,07906,96.52,Andrzej Parmonik
10,02116,96.52,Andrzej Rękosiak
11,03763,96.31,Leszek Kawski
12,11899,95.42,Dominik Głowacki
13,01264,94.7,Zbigniew Ciereszko
14,05900,94.66,Lechosław Błaziński
15,19705,94.65,Jan Syska
16,06634,94.27,Stefan Jakubowski
17,06090,93.77,Robert Cylwik
18,13767,93.77,Robert Zaciura
19,02390,93.54,Zygmunt Radek
20,12691,93.31,Stanisław Borowiec
21,05386,93.17,Paweł Siwiński
22,15032,92.89,Rafał Maszenda
23,16795,92.87,Marcin Rój
24,03927,92.7,Zbigniew Rychlik
25,09001,92.56,Marek Matwijewicz
26,11595,92.29,Dariusz Wojna
27,03799,92.28,Bogumił Kupczyk
28,11444,92.12,Grzegorz Adamski
29,10875,91.96,Witold Świdziński
30,04463,91.89,Jan Stańczak
31,01438,91.77,Jerzy Kurianowicz
32,10983,91.67,Grzegorz Zborowski
33,18254,91.55,Andrzej Milewski
34,01483,91.55,Adam Marcinowski
35,05545,91.52,Wojciech Zimniak
36,05017,91.51,Józef Grewling
37,20178,91.14,Marian Chrzanowski
38,17854,91.05,Dariusz Krakowiak
39,10385,90.81,Wiesław Adamowicz
40,08344,90.81,Jerzy Czeszewski
41,06338,90.57,Aleksander Marciniak
42,10403,90.37,Andrzej Wielowieyski
43,05371,90.24,Grzegorz Samol
44,05081,90.24,Marek Juszczak
45,04772,90.14,Bogusław Dyk
46,12269,90.11,Tomasz Jakóbczak
47,07575,89.98,Marian Grzyb
48,06165,89.83,Dariusz Biedrzycki
49,06233,89.77,Marian Rutkowski
50,05045,89.76,Przemysław Hauser
51,05357,89.76,Jerzy Roszak
52,01224,89.75,Marek Bałdysz
53,04920,89.68,Marek Bukowski
54,17738,89.14,Witold Żygulski
55,10472,88.79,Samuel Bałdysz
56,01270,88.66,Grzegorz Czapulak
57,01252,88.64,Zbigniew Buciuto
58,01722,88.64,Józef Wiese
59,21144,88.2,Krzysztof Szufnara
60,04720,88.19,Paweł Czacharowski
61,04992,88.11,Zbigniew Geisler
62,05304,88.11,Waldemar Pałka
63,04797,88.11,Ryszard Konopka
64,06175,88.07,Kazimierz Dobrzyniecki
65,10864,88.03,Józef Adamski
66,06218,88.0,Andrzej Niewiadomski
67,03733,87.99,Piotr Iwanus
68,03892,87.99,Marcin Piotrowski
69,09394,87.91,Marek Siech
70,02229,87.89,Henryk Choiński
71,20881,87.89,Krzysztof Borowik
72,11809,87.72,Krzysztof Mielnik
73,08271,87.71,Adam Karczmarz
74,11503,87.48,Mirosława Miętkiewska
75,03933,87.38,Eugeniusz Seichter
76,11355,87.16,Władysław Korbutowicz
77,10479,87.11,Krzysztof Obłój
78,02283,87.11,Zbigniew Józefiak
79,05229,87.08,Adam Meller
80,14368,87.08,Andrzej Żmuda
81,11493,87.03,Arkadiusz Skonieczny
82,07882,86.97,Zbigniew Ćwiertniak
83,01354,86.94,Stanisław Janiak
84,11320,86.9,Robert Kwiatkowski
85,09679,86.86,Krzysztof Meyer
86,12779,86.8,Jacek Kufel
87,18681,86.76,Paweł Fiebig
88,19445,86.72,Kajetan Granops
89,02346,86.67,Mirosław Miłaszewicz
90,06067,86.65,Julian Pisarek
91,12629,86.6,Tomasz Magryś
92,05430,86.57,Janusz Suszczyński
93,06151,86.34,Hanna Zembrzuska
94,18557,86.19,Ewa Kita
95,06322,86.11,Kazimierz Falkowski
96,11356,86.07,Janusz Linkiewicz
97,06334,86.06,Dariusz Krajewski
98,09555,86.04,Przemysław Klęsk
99,06105,85.88,Lech Sulżycki
100,19106,85.87,Piotr Piątkiewicz
101,04780,85.8,Grzegorz Gan
102,02071,85.76,Marek Marciniak
103,07053,85.72,Krzysztof Gołaś
104,04279,85.65,Jan Janiak
105,05350,85.62,Wojciech Robiński
106,05356,85.62,Leszek Rosochowicz
107,18647,85.43,Jakub Nawrocki
108,08165,85.35,Marek Czerniawski
109,05038,85.35,Jerzy Gurzęda
110,18993,85.33,Franciszek Bułyszko
111,04473,85.27,Jerzy Sukow
112,04424,85.27,Jerzy Ratkowski
113,01247,85.22,Zbigniew Bobak
114,01328,85.19,Józef Grybel
115,01592,85.19,Ryszard Rączkowski
116,01257,84.95,Lesław Cegiel
117,16447,84.9,Leszek Lipka
118,20261,84.84,Roger Szarek
119,01482,84.8,Stefan Małowiecki
120,01683,84.73,Marian Szymonowicz
121,01677,84.73,Stanisław Szuba
122,11423,84.66,Krzysztof Buzała
123,05863,84.66,Zenon Wierzbicki
124,05216,84.59,Paweł Marek
125,20260,84.55,Anna Diakun
126,06697,84.52,Jarosław Kostrzewa
127,04848,84.52,Maria Tomczewska
128,12575,84.32,Wojciech Bondarewicz
129,04809,84.3,Wojciech Lewandowski
130,09006,84.25,Adam Peszke
131,15850,84.2,Stefan Lipiński
132,18166,84.17,Arkadiusz Wódkowski
133,08847,84.17,Marek Tuziemski
134,06014,84.08,Adam Małdyk
135,08297,83.88,Leszek Pęcherzewski
136,17411,83.88,Lech Jaworski
137,05123,83.79,Tomasz Konopka
138,05261,83.72,Jarosław Modlibowski
139,06255,83.64,Paweł Wróblewski
140,06221,83.64,Grzegorz Nowiński
141,16729,83.6,Barbara Podgórska
142,15866,83.59,Roman Wąchała
143,17301,83.46,Arkadiusz Jaranowski
144,05242,83.44,Ewa Knapik
145,01097,83.41,Dariusz Kulpiński
146,06277,83.31,Janusz Kowalówka
147,01554,83.17,Janusz Pawlicki
148,04956,83.16,Marek Domagała
149,11400,83.14,Piotr Stanikowski
150,05186,83.03,Łukasz Lis
151,18880,83.03,Roman Chmielecki
152,17820,83.01,Andrzej Kałużny
153,16229,82.98,Anna Leśniewska
154,16230,82.98,Andrzej Rywocki
155,04818,82.88,Krzysztof Materek
156,05876,82.84,Piotr Wulkiewicz
157,01380,82.83,Zdzisław Klimczak
158,05108,82.76,Andrzej Kędzierski
159,06348,82.74,Tomasz Radwański
160,06003,82.62,Robert Lewandowski
161,15352,82.54,Michał Maszenda
162,16456,82.45,Sylwester Sokół
163,13358,82.44,Łukasz Gackowski
164,18964,82.36,Wiesław Gorczewski
165,08638,82.12,Andrzej Dymek
166,02310,81.97,Zdzisław Kulesza
167,02398,81.9,Sławomir Rutecki
168,05217,81.83,Mirosław Markiewicz
169,19390,81.8,Krzysztof Tuma
170,19391,81.8,Barbara Tuma
171,08259,81.78,Andrzej Wardziński
172,05446,81.69,Marek Szukała
173,19169,81.6,Paweł Gacek
174,18879,81.57,Zbigniew Lange
175,09138,81.3,Danuta Kazmucha
176,18514,81.28,Zbigniew Leśniewski
177,17490,81.2,Marian Śliwiński
178,05374,81.18,Cezary Serek
179,18625,81.15,Krzysztof Boniek
180,05968,81.09,Aleksander Kaźmierski
181,05967,81.09,Sabina Kaźmierska
182,03800,81.06,Elżbieta Kupczyk
183,05253,81.04,Adam Misiak
184,05096,81.04,Jan Kalicki
185,18965,81.0,Jerzy Rudziński
186,06181,80.97,Zbigniew Garlej
187,11588,80.91,Jacek Gajda
188,19598,80.77,Przemysław Wojtczak
189,01311,80.74,Jerzy Gładysz
190,04014,80.66,Piotr Wołowski
191,01621,80.52,Wojciech Sękowski
192,11810,80.28,Stefan Pawlęty
193,04775,80.26,Karina Drobiniak
194,01455,80.16,Roland Lippik
195,15324,80.12,Henryk Gayny
196,01216,80.12,Andrzej Augustyniak
197,17228,80.04,Mirosław Derwojed
198,11424,79.99,Henryk Duszyński
199,08019,79.91,Andrzej Madej
200,02213,79.9,Tadeusz Birecki
201,05489,79.88,Jacek Wędrychowicz
202,15865,79.83,Krystyna Wąchała
203,11245,79.78,Jarosław Szczygieł
204,18388,79.75,Maciej Maciołek
205,09387,79.7,Cezary Jarmuł
206,04304,79.66,Jan Kijko
207,09201,79.6,Tomasz Walania
208,01848,79.6,Marek Mazur
209,08520,79.57,Tomasz Bajorek
210,20417,79.51,Cezary Miodyński
211,18963,79.38,Eugeniusz Chudziński
212,05241,79.34,Tomasz Mielcarek
213,07992,79.11,Andrzej Szczepaniak
214,07729,79.09,Wojciech Paszko
215,21246,78.95,Edward Kałużny
216,13387,78.84,Benedykt Mieszczak
217,05505,78.76,Tomasz Włodarczak
218,05378,78.76,Jerzy Sieracki
219,01142,78.74,Jan Porada
220,01507,78.63,Waldemar Kozłowski
221,06066,78.57,Ludwik Piotrowski
222,11293,78.56,Radzisław Oczkowicz
223,01508,78.49,Jarosław Molenda
224,01523,78.49,Jan Niebudek
225,04352,78.49,Dariusz Łuczak
226,18877,78.42,Bolesław Aleksandrowicz
227,12374,78.38,Zdzisław Patreuha
228,01831,78.38,Marian Kupnicki
229,01577,78.35,Aleksander Poznysz
230,05348,78.35,Włodzimierz Reszelski
231,17082,78.29,Maciej Boczar
232,15688,78.22,Barbara Soroko
233,04063,78.19,Andrzej Prasalski
234,01147,78.19,Tadeusz Przybyło
235,04347,78.18,Henryk Łakomski
236,01128,78.06,Roman Opaliński
237,18859,78.04,Sławomir Jamka
238,18826,78.04,Wiesław Sirman
239,12277,77.97,Łukasz Szczełkun
240,04427,77.85,Edmund Reczuga
241,06556,77.82,Sylwester Cieślak
242,05500,77.81,Andrzej Winnowicz
243,09455,77.81,Henryk Komodziński
244,12676,77.79,Bartłomiej Pałubicki
245,16815,77.79,Zbigniew Pełka
246,08359,77.78,Dariusz Piątek
247,04806,77.77,Jan Lange
248,03925,77.74,Roch Rupniewski
249,03750,77.67,Julian Jurski
250,08164,77.59,Jerzy Cychowski
251,01480,77.59,Eugeniusz Małecki
252,18932,77.54,Krzysztof Dzierżak
253,02426,77.49,Andrzej Szkiel
254,05624,77.47,Jacek Grzelczak
255,19157,77.38,Grażyna Jaskulska
256,18165,77.34,Dariusz Kłodos
257,04402,77.32,Ryszard Pichla
258,11208,77.29,Stanisław Sołtys
259,10335,77.21,Sławomir Wrzosek
260,06131,77.16,Marek Wawrzyniak
261,05989,77.16,Jerzy Kullass
262,19470,77.15,Tamara Cesarz
263,04013,77.1,Jarosław Wojnowski
264,12669,77.1,Tomasz Węgrzynowski
265,02913,77.08,Edmund Jas
266,11789,77.08,Robert Kamiński
267,10898,77.08,Zbigniew Ehlert
268,01727,77.08,Artur Winkler
269,11319,77.08,Przemysław Zawada
270,05606,77.07,Grzegorz Dziębowski
271,18032,77.06,Maciej Kulikowski
272,03970,77.05,Tadeusz Szwenkel
273,01138,77.01,Marek Pietraszek
274,16888,76.97,Ireneusz Liberadzki
275,16989,76.86,Kazimierz Głowacki
276,14491,76.82,Eugeniusz Hładyszewski
277,01474,76.78,Ryszard Makuch
278,05544,76.77,Jolanta Ziętara
279,05079,76.77,Rafał Junik
280,11834,76.75,Jakub Jagodziński
281,14060,76.7,Adam Szuszkiewicz
282,02891,76.59,Bartosz Ceglarski
283,02460,76.53,Marek Atalski
284,03731,76.51,Danuta Iwanus
285,05074,76.48,Janusz Jędrzejewski
286,14576,76.44,Anna Janiszewska
287,20824,76.43,Marek Zgorzałek
288,06093,76.39,Marian Siwy
289,09192,76.38,Radosław Sawicki
290,09167,76.38,Edward Bondarewicz
291,03775,76.31,Jacek Kokociński
292,19572,76.29,Zbigniew Matyjaszczuk
293,15871,76.29,Stanisław Turlej
294,10413,76.27,Stanisław Wańkiewicz
295,05327,76.27,Eugeniusz Pokaczajło
296,01502,76.27,Mirosław Miłaszewski
297,10651,76.25,Eligiusz Śmieja
298,06758,76.24,Tadeusz Luzak
299,17384,76.24,Joanna Derewońko
300,06357,76.22,Jolanta Wiśniewska
301,01072,76.19,Waldemar Kaszuba
302,07736,76.18,Maciej Szczepański
303,12439,76.16,Arkadiusz Gotwald
304,05713,76.16,Mirosław Marszał
305,05654,76.15,Dariusz Kardas
306,15153,76.15,Teresa Pudelewicz
307,05422,76.1,Piotr Stefański
308,08247,76.1,Jan Jarmuż
309,04808,76.03,Krzysztof Pękała
310,17509,75.97,Urszula Wądołowska
311,06251,75.97,Andrzej Wądołowski
312,08252,75.96,Dariusz Poniatowski
313,06144,75.94,Czesław Wojtaś
314,06335,75.84,Bolesław Krzewski
315,03761,75.81,Waldemar Kamiński
316,10426,75.79,Marek Szakun
317,05841,75.76,Jerzy Szubiga
318,18821,75.72,Marek Melsztyński
319,04345,75.7,Tomasz Lisica
320,05696,75.7,Igor Łobodziński
321,17388,75.69,Halina Grześkowiak
322,10318,75.62,Barbara Radomska
323,12006,75.53,Danuta Krupnik
324,04284,75.51,Leonard Jaskowiak
325,18882,75.5,Wiesław Jarmułowicz
326,13903,75.47,Bogdan Jaskulski
327,11800,75.46,Mariusz Krakowiak
328,13003,75.46,Mariusz Bielski
329,01381,75.45,Piotr Klubiński
330,02907,75.41,Waldemar Haponiuk
331,06136,75.4,Kazimierz Wiliński
332,05211,75.37,Andrzej Małdziński
333,12000,75.36,Aleksandra Granowska
334,18072,75.29,Krzysztof Olejnik
335,19571,75.28,Ryszard Jucha
336,04265,75.25,Stanisław Charun
337,06542,75.23,Irena Chodorowska
338,04887,75.21,Olech Bestrzyński
339,06225,75.21,Wojciech Palmowski
340,04510,75.21,Wojciech Wrześniowski
341,04203,75.21,Janusz Borowiński
342,11787,75.2,Marcin Figura
343,12023,75.2,Jacek Pamuła
344,01707,75.18,Stanisław Wachel
345,01806,75.17,Zdzisław Gryzło
346,01231,75.17,Longin Bartnik
347,04261,75.11,Lech Grabski
348,16317,75.08,Marian Krasowski
349,04077,75.08,Mirosław Morchat
350,06543,75.06,Jan Chodorowski
351,12176,75.06,Aneta Buze
352,01200,75.04,Józef Wrona
353,01556,75.04,Jan Pawlikaniec
354,03003,75.04,Hubert Urban
355,08930,75.04,Maja Żabierek
356,06108,75.03,Sławomir Szczełkun
357,16707,74.91,Piotr Trębski
358,01220,74.89,Grzegorz Bajek
359,04854,74.87,Kazimierz Zelga
360,18224,74.71,Marek Nicewicz
361,13749,74.65,Wiesław Piskozub
362,06895,74.64,Artur Rutkowski
363,06356,74.62,Maciej Wiącek
364,18389,74.61,Szymon Rogut
365,21134,74.61,Michał Pawlak
366,02570,74.59,Leszek Zagozdon
367,07208,74.59,Robert Lubowicki
368,04430,74.57,Jan Rogowski
369,01149,74.52,Jerzy Puchała
370,10488,74.51,Krzysztof Grela
371,05049,74.51,Jarosław Hilbrecht
372,09099,74.51,Tomasz Lipiński
373,04494,74.5,Zenon Wawer
374,04404,74.5,Wiesław Pietrzak
375,09217,74.49,Piotr Bojanowski
376,04198,74.49,Adolf Bocheński
377,08328,74.47,Piotr Kiełczewski
378,10548,74.44,Tadeusz Filaber
379,06817,74.44,Renata Neronowicz
380,01803,74.41,Stanisław Górski
381,06088,74.36,Zbigniew Sękowski
382,05615,74.35,Jarosław Gąsiorowski
383,08485,74.26,Grażyna Busse
384,20223,74.22,Piotr Cieśliński
385,20222,74.22,Małgorzata Cieślińska
386,06329,74.22,Andrzej Jaroński
387,13082,74.17,Krzysztof Bak
388,13911,74.15,Zbigniew Skórecki
389,19130,74.08,Andrzej Gotz
390,03818,74.07,Piotr Litwin
391,02524,74.05,Józef Myć
392,20153,74.05,Wiesława Mirosław
393,06746,73.95,Zdzisław Laszczak
394,01521,73.92,Józef Kuczak
395,09702,73.88,Sławomir Sierocki
396,02902,73.87,Krzysztof Gałda
397,15508,73.84,Andrzej Chudy
398,03843,73.84,Józef Matuszewski
399,20675,73.78,Jakub Pietrzak
400,05259,73.63,Maciej Młynarczyk
401,18260,73.61,Tomasz Wolfke
402,06800,73.6,Sylwester Młynarczuk
403,01068,73.59,Janusz Jarząbek
404,18491,73.56,Tadeusz Dziadykiewicz
405,04365,73.55,Krzysztof Michalczyk
406,04519,73.55,Mirosław Zomkowski
407,11447,73.54,Paweł Lasota
408,06522,73.53,Henryk Brodawski
409,04922,73.5,Piotr Busse
410,11758,73.49,Eugeniusz Gąska
411,05491,73.49,Marek Wichtowski
412,01538,73.46,Bogdan Pietkiewicz
413,01576,73.45,Jerzy Poznar
414,05982,73.39,Waldemar Krych
415,06591,73.37,Grzegorz Fijałkowski
416,16528,73.37,Piotr Kruczek
417,01495,73.36,Ryszard Menzfeld
418,01467,73.32,Waldemar Maciejewski
419,02037,73.28,Tadeusz Kowalicki
420,01923,73.28,Maciej Arnold
421,20010,73.25,Aneta Klaczyńska
422,16881,73.25,Zbigniew Nowakowski
423,04906,73.22,Jan Borychowski
424,03027,73.2,Włodzimierz Stobiecki
425,02174,73.19,Wojciech Waszkowiak
426,02114,73.19,Sebastian Rawlik
427,12196,73.18,Zbigniew Skibicki
428,17874,73.16,Jerzy Glezer
429,18417,73.11,Robert Czernecki
430,13841,73.1,Marek Parol
431,07327,73.01,Andrzej Huńka
432,17451,73.0,Wojciech Grzegorzewski
433,17450,73.0,Jan Lisicki
434,10314,73.0,Bogdan Zieliński
435,09259,73.0,Kazimierz Ligęza
436,04329,73.0,Zbigniew Krzepkowski
437,07491,73.0,Tadeusz Sobota
438,07591,72.98,Aleksander Nowakowski
439,06813,72.97,Krzysztof Najda
440,06904,72.94,Lech Sadoś
441,01260,72.94,Maciej Chojnacki
442,01726,72.89,Tomasz Winciorek
443,07346,72.88,Kazimierz Lichawski
444,07475,72.88,Jerzy Stworzewicz
445,12090,72.87,Zbigniew Ziemba
446,05880,72.82,Marcin Zbroja
447,01292,72.82,Jerzy Anderszewski
448,01593,72.82,Stefan Piskorski
449,01434,72.76,Krystyna Dawcewicz
450,03920,72.75,Grzegorz Rojewski
451,07926,72.7,Maciej Wierzbicki
452,01945,72.7,Mirosław Bublewicz
453,04015,72.69,Tomasz Woźniak
454,03841,72.69,Jerzy Masłoń
455,04294,72.65,Józef Kamiński
456,15519,72.6,Piotr Kulesza
457,17343,72.58,Sławomir Tomaszewski
458,06021,72.57,Witold Mateńko
459,05639,72.56,Lechosław Janczar
460,02504,72.55,Janusz Krawczyński
461,06001,72.51,Tadeusz Leszczyński
462,01410,72.48,Tadeusz Kowalik
463,01772,72.48,Sławomir Zimniak
464,04248,72.48,Piotr Garbal
465,20033,72.45,Dominik Magryś
466,08026,72.44,Andrzej Potrzyszcz
467,18387,72.42,Michał Maciołek
468,03449,72.37,Jan Pustelnik
469,06546,72.37,Bogusław Chomentowski
470,09736,72.36,Adam Motyka
471,09228,72.36,Karol Kałuziński
472,15350,72.32,Eliza Gardzińska
473,12651,72.32,Wojciech Gardziński
474,04242,72.3,Andrzej Fronczak
475,16320,72.29,Małgorzata Lipka
476,02447,72.27,Tadeusz Wolniczak
477,15044,72.27,Piotr Surdyk
478,21658,72.2,Andrzej Nasierowski
479,21651,72.13,Bogdan Odrowski
480,21677,72.12,Tomasz Perduta
481,20043,72.1,Hanna Kempka
482,16373,72.1,Krzysztof Pietruszka
483,07052,72.09,Edmund Czubak
484,06112,72.09,Roman Szlachetka
485,01910,72.08,Roman Zabłocki
486,16778,72.08,Jerzy Rybarski
487,20118,72.06,Bogdan Wiliński
488,03864,72.01,Bogdan Najmrodzki
489,13237,72.01,Bogdan Sadowski
490,20191,72.0,Grzegorz Horała
491,05435,72.0,Ryszard Szamałek
492,04943,71.95,Sławomir Czapliński
493,10402,71.95,Tomasz Kalembkiewicz
494,18846,71.95,Ewa Bargłowska
495,13695,71.9,Jadwiga Pęcherzewska
496,04545,71.87,Roman Budzik
497,03820,71.83,Jarosław Łakomy
498,12094,71.81,Edward Kozicki
499,09446,71.81,Teodor Bykowski
500,04349,71.8,Ryszard Łasowski
501,11940,71.8,Dariusz Serafin
502,06539,71.76,Robert Chmielak
503,09594,71.75,Ewa Dziekańska
504,20680,71.74,Wojciech Okrzesik
505,04593,71.7,Wacław Janicki
506,15313,71.69,Małgorzata Augustyn
507,20240,71.68,Bernard Kula
508,20038,71.68,Robert Kempka
509,03005,71.67,Piotr Waluszewski
510,16817,71.65,Kazimierz Buchalski
511,03875,71.64,Tomasz Nowak
512,12783,71.62,Robert Mrukowski
513,04306,71.6,Ryszard Kłusowski
514,04364,71.6,Piotr Mazur
515,19663,71.6,Ewa Wawrowska
516,01274,71.55,Marek Czolij
517,13018,71.52,Rafał Szafranek
518,07130,71.49,Eugeniusz Konik
519,16448,71.48,Robert Góralczyk
520,08316,71.47,Krzysztof Nagielski
521,04297,71.46,Wojciech Karpiński
522,01787,71.45,Piotr Bielecki
523,18862,71.44,Dariusz Płoszaj
524,12983,71.43,Janusz Kobylarski
525,03221,71.42,Paweł Jończyk
526,09003,71.42,Zbigniew Samek
527,01183,71.39,Tadeusz Szemraj
528,17447,71.38,Ryszard Karwat
529,02934,71.35,Krzysztof Kujawa
530,14043,71.35,Alfred Koda
531,13463,71.32,Arkadiusz Zadworny
532,10447,71.3,Mikołaj Komorowski
533,06030,71.29,Waldemar Mikucki
534,19678,71.29,Piotr Skowroński
535,20973,71.28,Henryk Gąsiorowski
536,10354,71.28,Krzysztof Przybielski
537,11700,71.26,Wiktor Rusak
538,10104,71.22,Ryszard Gaca
539,19639,71.21,Andrzej Łysakowski
540,04219,71.21,Aleksander Cydejko
541,10191,71.21,Artur Duczmalewski
542,13638,71.21,Włodzimierz Biernacki
543,01631,71.2,Wojciech Skonieczny
544,06733,71.2,Grzegorz Kula
545,18644,71.19,Szymon Graś
546,14960,71.14,Krzysztof Kufel
547,01691,71.12,Grzegorz Tarka
548,14441,71.12,Maksymilian Karpierz
549,06079,71.11,Grzegorz Rybacki
550,02320,71.08,Tadeusz Lisiecki
551,10719,71.07,Katarzyna Chmielewska
552,12262,71.06,Radosław Kmiecik
553,12573,71.05,Zdzisław Koza
554,12571,71.05,Włodzimierz Wasielewski
555,03753,71.04,Marek Kaczan
556,03904,71.04,Grzegorz Prusak
557,01288,71.04,Janusz Drozdowski
558,13843,70.95,Stanisław Gołdyn
559,06055,70.93,Henryk Pakuła
560,10340,70.93,Michał Tuczyński
561,05988,70.9,Stanisław Kulesza
562,14282,70.88,Mirosław Giełczyński
563,17810,70.88,Tomasz Czekała
564,08841,70.8,Mirosław Sankiewicz
565,11594,70.79,Waldemar Wieremiejczyk
566,06550,70.78,Arkadiusz Ciechomski
567,06824,70.75,Mirosław Nowaczyński
568,08428,70.75,Krzysztof Sokół
569,05314,70.74,Marcin Pędziński
570,02946,70.74,Andrzej Majcher
571,08602,70.71,Piotr Rewak
572,01037,70.68,Stanisław Drobot
573,17453,70.66,Ireneusz Saturski
574,01718,70.66,Bogumił Wegner
575,06526,70.65,Waldemar Burakowski
576,10899,70.63,Janusz Gorczyński
577,04267,70.62,Stanisław Hartwig
578,15906,70.62,Dariusz Głowiński
579,17675,70.53,Janusz Królikowski
580,03868,70.5,Marek Nazarewicz
581,01824,70.5,Andrzej Kazimierowicz
582,18497,70.48,Krzysztof Chechłowski
583,13920,70.47,Wojciech Adamkiewicz
584,03636,70.47,Mieczysław Lebiecki
585,05050,70.45,Wiesław Hilbrecht
586,17983,70.44,John Catlow
587,03790,70.44,Andrzej Kretkowski
588,01291,70.44,Krzysztof Dziekański
589,09253,70.43,Andrzej Drzewiecki
590,07290,70.4,Jacek Cholewik
591,13385,70.4,Roman Grabowski
592,01069,70.38,Tomasz Jędrzejek
593,04275,70.32,Mirosław Grodzki
594,04413,70.31,Grzegorz Probola
595,10886,70.28,Ziemowit Brzykcy
596,10890,70.28,Krzysztof Popczyński
597,04441,70.27,Marek Słowikowski
598,16803,70.26,Dariusz Kosiorek
599,20817,70.23,Maciej Zych
600,10439,70.23,Tadeusz Smurawa
601,09462,70.22,Marek Serdyński
602,09461,70.22,Zbigniew Samborski
603,06086,70.18,Ryszard Sawicki
604,17656,70.17,Stanisław Petrykowski
605,11235,70.17,Sławomir Wojtyłko
606,02112,70.16,Franciszek Radwan
607,02197,70.16,Józef Żarski
608,04287,70.14,Jan Jegliński
609,01920,70.12,Antoni Żółtański
610,21065,70.11,Jan Kwiatkowski
611,20237,70.11,Bartłomiej Lech
612,09764,70.09,Bogusz Nalazek
613,02954,70.08,Włodzimierz Niedolaz
614,02919,70.08,Aleksander Knawa
615,06186,70.07,Sławomir Grędziński
616,08987,70.07,Zdzisław Senderek
617,05192,70.03,Jarosław Lubczyński
618,07271,70.03,Adrian Bakalarz
619,01641,70.02,Zbigniew Sobczyk
620,01402,70.02,Lech Kostecki
621,05920,70.01,Andrzej Dębowski
622,05264,70.0,Jerzy Mścisz
623,08579,69.97,Jerzy Pawełczak
624,04876,69.91,Romuald Bartoszko
625,09179,69.91,Barbara Larysz
626,06115,69.84,Radosław Szopiński
627,16816,69.83,Andrzej Sędłak
628,02917,69.8,Paweł Kita
629,05890,69.8,Marek Banach
630,14416,69.78,Irena Pruszko
631,13625,69.77,Krystian Ostrowski
632,10897,69.75,Kazimierz Jankowski
633,13339,69.75,Jan Siwczyński
634,01608,69.75,Marek Rużyło
635,04469,69.74,Tomasz Stopierzyński
636,01648,69.72,Zbigniew Sosna
637,20041,69.72,Sławomir Krajewski
638,09303,69.7,Jarosław Łaszczuk
639,09710,69.68,Mariusz Mączewski
640,17971,69.65,Adam Nieżurawski
641,05156,69.65,Roman Kujawski
642,16439,69.64,Jerzy Plichtowicz
643,06346,69.63,Adam Pawłowski
644,20890,69.62,Aleksander Jodko
645,07984,69.6,Bogdan Palikot
646,14688,69.6,Jacek Szczerba
647,06137,69.58,Marcin Wiliński
648,06116,69.58,Radosław Szymczak
649,01612,69.56,Dariusz Rymaszewski
650,13359,69.55,Dominika Wołyńska
651,15643,69.53,Rafał Mikołajczak
652,03801,69.51,Jerzy Kurzawski
653,07166,69.49,Tomasz Tapper
654,19085,69.47,Zdzisław Pietruszewski
655,17250,69.46,Grzegorz Olejnik
656,18645,69.45,Ewa Morawska
657,03992,69.45,Roman Wachowiak
658,05954,69.44,Aleksander Jasiukiewicz
659,19345,69.44,Bożena Jacuch
660,19684,69.41,Anna Smoluchowska
661,16184,69.4,Tomasz Bartnicki
662,16183,69.4,Zofia Miechowicz
663,20797,69.4,Jakub Piłat
664,17230,69.39,Krzysztof Bonowicz
665,19534,69.37,Zdzisław Tylko
666,12964,69.34,Konstanty Pawlikaniec
667,14465,69.22,Igor Smyk
668,17157,69.18,Marek Wyżlic
669,10268,69.15,Romuald Olobry
670,05215,69.12,Zbigniew Marciniak
671,17837,69.12,Mirosław Zawiślak
672,07902,69.11,Damian Mazurak
673,03884,69.09,Wiesław Paczkowski
674,14835,69.09,Andrzej Pożerski
675,05939,69.08,Stanisław Grzyb
676,04798,69.07,Mirosław Kopowski
677,01230,69.05,Witold Deorocki
678,03712,69.05,Mirosław Graczkowski
679,04344,69.01,Marek Lichocki
680,17046,69.0,Jerzy Kuhn
681,18506,68.95,Tomasz Mroczek
682,18505,68.95,Tomasz Przegaliński
683,08986,68.93,Józef Małysz
684,07991,68.92,Gabriel Szarafin
685,19780,68.91,Tomasz Kuchta
686,01169,68.9,Waldemar Sadurski
687,12456,68.86,Krzysztof Stefaniak
688,16886,68.86,Dariusz Piotrkiewicz
689,19753,68.84,Ireneusz Kwiatosz
690,04127,68.82,Marian Urwanowicz
691,04381,68.82,Dariusz Nowak
692,18027,68.8,Jerzy Pałysa
693,01785,68.75,Tomasz Baranowski
694,01604,68.68,Jerzy Romańczyk
695,14563,68.67,Marek Jakubowski
696,09039,68.64,Leszek Kiczaty
697,13084,68.61,Łukasz Wieczorek
698,16226,68.58,Jarosław Michalski
699,16225,68.58,Dariusz Pawlak
700,03650,68.58,Tomasz Borucki
701,13181,68.56,Sławomir Bogdanowicz
702,01105,68.53,Bogdan Jabłoński
703,15156,68.53,Hanna Probola
704,06140,68.52,Franciszek Wnęk
705,17498,68.5,Stefan Andrejas
706,13776,68.42,Roman Wisłocki
707,06797,68.39,Andrzej Miszewski
708,02495,68.38,Andrzej Kokoryka
709,17640,68.36,Marek Chylewski
710,07187,68.36,Michał Bąk
711,05185,68.35,Kazimierz Lis
712,21524,68.33,Barbara Kasiak
713,11180,68.33,Jan Glenz
714,05351,68.32,Jerzy Rodziewicz
715,04052,68.31,Adam Szempliński
716,03714,68.29,Andrzej Grela
717,05932,68.26,Remigiusz Góralczyk
718,05023,68.26,Paweł Gruszczyński
719,13607,68.21,Jan Sztuba
720,12387,68.19,Jan Dawidowski
721,03911,68.18,Jan Rdesiński
722,08043,68.14,Piotr Zawiślak
723,17497,68.1,Zbigniew Kornet
724,08565,68.09,Lechosław Suszka
725,13906,68.01,Anna Andrejczyk
726,13905,68.01,Grzegorz Andrejczyk
727,13913,67.96,Damian Trojnara
728,02200,67.92,Cezary Żuchowski
729,08225,67.89,Janusz Reisner
730,14466,67.86,Aleksandra Różańska
731,19475,67.86,Mariola Miklaszewska
732,03370,67.85,Jerzy Miś
733,04328,67.77,Wiesław Krzemieński
734,09122,67.75,Tomasz Solarski
735,15195,67.74,Wiesław Podlecki
736,01664,67.74,Andrzej Suchodolski
737,02940,67.71,Robert Łataś
738,05845,67.7,Zbigniew Szymczyk
739,06347,67.7,Karol Pokorski
740,07154,67.65,Kazimierz Pinkosz
741,13664,67.62,Maciej Owczarek
742,05019,67.61,Mirosław Grobelkiewicz
743,04825,67.59,Małgorzata Pawelec
744,05321,67.55,Andrzej Pietrkiewicz
745,20216,67.54,Zygmunt Połeć
746,04103,67.5,Dariusz Sterniczuk
747,06157,67.5,Marek Żakowicz
748,11198,67.48,Krzysztof Lipowski
749,06121,67.48,Bogdan Trun
750,01468,67.48,Bogdan Jurecki
751,13570,67.47,Piotr Proporowicz
752,19384,67.45,Leszek Ekert
753,11521,67.43,Kazimierz Komorowicz
754,01563,67.43,Ireneusz Pikulski
755,06194,67.39,Radosław Jaszczak
756,01936,67.38,Władysław Biernat
757,17155,67.37,Sławomir Bąk
758,05672,67.34,Andrzej Krakowiak
759,06152,67.34,Maciej Zembrzuski
760,04559,67.34,Kazimierz Dominiak
761,06087,67.34,Jerzy Schulz
762,19386,67.33,Andrzej Ciechacki
763,16369,67.33,Jarosław Malarski
764,07994,67.31,Wiesław Teresiński
765,04857,67.3,Jan Adamczewski
766,13775,67.26,Piotr Janich
767,20306,67.26,Jerzy Grela
768,19122,67.25,Anna Zalewska
769,04360,67.22,Mirosław Makatrewicz
770,04540,67.21,Rafał Bownik
771,20201,67.18,Piotr Mizak
772,10235,67.18,Radosław Sielczak
773,04621,67.18,Marek Kryniewski
774,08078,67.16,Edmund Pinkiewicz
775,16130,67.15,Jerzy Kajzer
776,01277,67.12,Krzysztof Ćwik
777,01215,67.12,Dariusz Artmański
778,19777,67.1,Piotr Cegielski
779,04696,67.1,Antoni Sękowski
780,20250,67.07,Piotr Słomski
781,20864,67.04,Waldemar Kierski
782,04777,67.01,Robert Królak
783,06125,67.0,Ryszard Urbański
784,07978,66.96,Edward Molas
785,05585,66.93,Stanisław Ciach
786,06707,66.93,Maciej Kowalski
787,08004,66.92,Mieczysław Buczek
788,16853,66.91,Zbigniew Mossakowski
789,15722,66.91,Karol Nowak
790,04399,66.89,Tomasz Patalan
791,07812,66.89,Zygmunt Kuczyński
792,10096,66.89,Adam Zdrojewski
793,12434,66.88,Wojciech Kaniewski
794,12452,66.87,Andrzej Dobkowicz
795,10017,66.87,Paweł Babecki
796,04755,66.86,Danuta Żabicka
797,02074,66.84,Bogusław Mazierski
798,03855,66.83,Andrzej Mitka
799,01390,66.79,Wiktor Ilwicki
800,14691,66.79,Henryk Cybulski
801,09631,66.78,Bogdan Nowakowski
802,10225,66.78,Marian Zarembski
803,16676,66.78,Mariusz Wróblewicz
804,06215,66.78,Piotr Marudziński
805,08341,66.77,Jan Chmielewski
806,08855,66.77,Janusz Wierucki
807,09620,66.77,Adam Żelazny
808,09741,66.77,Wiktor Cała
809,20047,66.76,Witold Posadzy
810,01478,66.76,Zdzisław Malkiewicz
811,06018,66.73,Bogusław Maryńczak
812,09464,66.73,Bartosz Gajewski
813,12317,66.69,Grzegorz Proniewicz
814,14780,66.66,Waldemar Wochna
815,18801,66.65,Radosław Rozman
816,05212,66.65,Mirosław Małecki
817,08543,66.64,Marek Jaroszkiewicz
818,04601,66.63,Witold Kaliński
819,08190,66.62,Adam Cybulak
820,02087,66.62,Marian Nieznański
821,13088,66.6,Jan Skoczylas
822,17389,66.59,Zdzisława Krzyżańska
823,11710,66.57,Franciszek Miazga
824,04712,66.56,Leszek Szkudlarek
825,18350,66.56,Wanda Jeleniewicz
826,07494,66.56,Artur Więckowski
827,21795,66.55,Andrzej Glonek
828,18323,66.54,Jan Szynczewski
829,20641,66.53,Maximilian Szemik
830,14783,66.52,Patryk Patreuha
831,21685,66.51,Karol Zieliński
832,10799,66.5,Michał Gutowski
833,12802,66.43,Mariusz Pankiewicz
834,18225,66.42,Marek Farbiszewski
835,13707,66.41,Mirosław Małypan
836,14714,66.4,Krzysztof Han
837,05318,66.37,Marek Piechociński
838,06693,66.35,Jacek Korpetta
839,06876,66.35,Janusz Radecki
840,06689,66.33,Andrzej Kondeja
841,11191,66.33,Dariusz Węgrowicz
842,19007,66.33,Stanisław Zbroja
843,10988,66.32,Lech Moliński
844,09652,66.31,Radosław Surowiak
845,11401,66.29,Robert Komar
846,05118,66.28,Cezary Kmiecik
847,01139,66.26,Irena Sadurska
848,01313,66.22,Cezary Kozłowski
849,06900,66.21,Tomasz Ryffa
850,17872,66.18,Remigiusz Mincger
851,02199,66.18,Wiesław Żegilewicz
852,02436,66.16,Krzysztof Tumielewicz
853,16495,66.12,Marek Janota
854,01378,66.12,Olgierd Jurgielewicz
855,04509,66.11,Janusz Wróblewski
856,14181,66.09,Jan Rosochowicz
857,19178,66.09,Mirosław Rumak
858,04844,66.08,Jacek Szutowicz
859,17984,66.05,Krzysztof Galubiński
860,08299,66.05,Tadeusz Gawroński
861,07167,66.04,Eryk Hamerski
862,14185,66.01,Stefan Kamiński
863,17362,65.98,Jarek Markowski
864,14454,65.97,Marcin Motykiewicz
865,04618,65.94,Wiesława Kasperek
866,15868,65.94,Janusz Borek
867,04560,65.91,Jarosław Drewing
868,02496,65.91,Cezary Komajda
869,19579,65.9,Kazimierz Kłys
870,19578,65.9,Marek Leś
871,01599,65.9,Maciej Rochowicz
872,17821,65.9,Dariusz Kulita
873,17822,65.9,Alojzy Drewniak
874,15644,65.9,Robert Ciesielski
875,12278,65.88,Michał Dolny
876,02382,65.86,Sławomir Polak
877,04921,65.86,Cezary Bura
878,18893,65.86,Stanisław Wiktorski
879,19728,65.86,Zdzisław Niemirski
880,04788,65.85,Ireneusz Jarosz
881,18984,65.82,Andrzej Reda
882,04511,65.81,Lidia Wrzosek
883,04124,65.81,Roman Kruk
884,14401,65.77,Mirosław Makuch
885,18869,65.77,Dominik Hołyś
886,04609,65.76,Roman Kmieciak
887,09195,65.73,Bogusława Szagała
888,01888,65.73,Jan Szagała
889,17318,65.69,Andrzej Łoziński
890,21060,65.67,Katarzyna Stachowiak
891,08005,65.65,Jan Czarniecki
892,08980,65.62,Zbyszko Paluczek
893,02445,65.61,Zbigniew Wojdak
894,17765,65.58,Maciej Woropay
895,04569,65.58,Krzysztof Firkus
896,07925,65.58,Henryk Wichrowski
897,08541,65.56,Mirosław Całka
898,16859,65.56,Ireneusz Grynczewski
899,11572,65.54,Wojciech Szałapak
900,10003,65.51,Eugeniusz Wilniewiec
901,02365,65.51,Jan Obuchowicz
902,10348,65.51,Dariusz Podfigurny
903,18618,65.51,Maciej Fularz
904,02324,65.51,Andrzej Łagosz
905,05541,65.48,Andrzej Zielony
906,05522,65.48,Leszek Wójcik
907,06349,65.47,Henryk Robak
908,07656,65.47,Jerzy Stypiński
909,01755,65.44,Roman Wyszowski
910,09607,65.44,Henryk Przybysławski
911,12264,65.44,Paweł Rokoszyński
912,03656,65.42,Marian Lemecha
913,12224,65.4,Aleksander Waślicki
914,18951,65.38,Stefan Gronowski
915,01024,65.38,Władysław Chodziński
916,01056,65.38,Grażyna Blech
917,10350,65.38,Zdzisław Cimaszkiewicz
918,03684,65.35,Tadeusz Domka
919,04026,65.35,Leszek Zdrojewski
920,05436,65.32,Mieczysław Szczechowiak
921,04146,65.32,Ryszard Socha
922,14444,65.32,Edward Kończak
923,13249,65.3,Krzysztof Małolepszy
924,14756,65.3,Andrzej Szłapka
925,12685,65.29,Witold Bielecki
926,18277,65.24,Joanna Neuburger
927,01117,65.18,Jerzy Szczepański
928,10098,65.14,Franciszek Albekier
929,06982,65.13,Marcin Walczak
930,19244,65.13,Małgorzata Wachowska
931,01768,65.12,Jerzy Zatorski
932,05403,65.1,Piotr Solecki
933,04152,65.1,Leszek Ostrowski
934,19071,65.08,Wojciech Gajzler
935,13065,65.08,Anna Jankowska
936,08032,65.05,Ireneusz Stromidło
937,04095,65.04,Dariusz Hutnik
938,08011,65.03,Janusz Hamerski
939,10164,65.0,Wojciech Walkiewicz
940,02462,65.0,Jacek Baka
941,15194,64.97,Halina Podlecka
942,21643,64.94,Maciej Stopczyński
943,09588,64.93,Tadeusz Czajka
944,09587,64.93,Zbigniew Wiśniewski
945,20116,64.92,Kazimierz Wierzbowski
946,09204,64.92,Ryszard Wojnarski
947,06074,64.91,Mieczysław Rogowski
948,07915,64.91,Wiesław Skowron
949,01287,64.91,Marek Drecki
950,08819,64.89,Marek Goraj
951,07169,64.89,Jerzy Siwicki
952,06661,64.89,Waldemar Kałużyński
953,12448,64.87,Andrzej Leszczyński
954,06921,64.86,Dariusz Sierocki
955,20004,64.86,Mariusz Soldat
956,17655,64.85,Janusz Wieczorek
957,21267,64.84,Adam Skórka
958,01397,64.83,Piotr Korecki
959,02958,64.79,Dariusz Nowek
960,18076,64.78,Wiesław Olszewski
961,01629,64.78,Donat Czuba
962,21489,64.77,Grzegorz Horak
963,13711,64.76,Magdalena Głombińska
964,05921,64.76,Paweł Dickert
965,09283,64.75,Maciej Mizerka
966,01548,64.75,Robert Buta
967,18200,64.75,Ireneusz Pluta
968,04632,64.73,Jacek Lew
969,06599,64.73,Waldemar Gałek
970,05870,64.71,Piotr Wnuk
971,05632,64.71,Rafał Imiela
972,17771,64.7,Jacek Piechowiak
973,05662,64.67,Tadeusz Kołat
974,01893,64.66,Janusz Środa
975,01464,64.65,Leon Łukaszewicz
976,20615,64.6,Stanisław Głosek
977,16336,64.59,Włodzimierz Maćkowski
978,05426,64.58,Andrzej Stypczyński
979,04195,64.58,Filip Bieńkowski
980,19428,64.58,Stanisław Tomski
981,19422,64.58,Jerzy Pieszczuch
982,13571,64.57,Józef Kurnik
983,18334,64.57,Wit Monarski
984,18605,64.53,Krzysztof Bekalarek
985,20999,64.51,Lech Brzozowski
986,03744,64.5,Andrzej Jarmużek
987,05454,64.5,Bogdan Świątek
988,18226,64.44,Mirosław Jackiewicz
989,02102,64.44,Czesław Plachimowicz
990,01484,64.44,Dariusz Marczak
991,18756,64.37,Henryk Osiński
992,20768,64.29,Ignacy Gębuś
993,14006,64.29,Andrzej Tarlecki
994,14007,64.29,Tomasz Szleszyński
995,08128,64.22,Zenon Betański
996,01595,64.2,Andrzej Robak
997,10713,64.19,Tadeusz Denisiuk
998,08253,64.19,Witold Grochulski
999,01869,64.19,Henryk Przybylski
1000,18436,64.18,Bogusław Kozakiewicz
1001,17740,64.17,Lidia Gapińska
1002,17741,64.17,Marek Gapiński
1003,02406,64.16,Józef Sikora
1004,14165,64.14,Sylwester Gołdyn
1005,13122,64.12,Sławomir Zagórski
1006,02105,64.1,Grzegorz Pogodziński
1007,02013,64.1,Andrzej Jeleniewski
1008,04682,64.06,Jacek Piotrowski
1009,12435,64.03,Janusz Kopras
1010,17753,64.02,Wojciech Sykut
1011,16344,64.01,Witold Starkiewicz
1012,18479,63.96,Magdalena Czajkowska
1013,20000,63.96,Wojciech Bartnik
1014,11506,63.96,Beata Golec
1015,19025,63.95,Krzysztof Cieślak
1016,18827,63.91,Wiesław Lange
1017,19926,63.91,Jacek Barski
1018,18960,63.91,Maciej Zarzyka
1019,21620,63.91,Adam Wilk
1020,18861,63.9,Małgorzata Dmowska
1021,11802,63.89,Marek Banasiński
1022,13126,63.88,Lesław Grakowicz
1023,12376,63.87,Dorota Kwintkiewicz
1024,06956,63.87,Bogdan Szlacheta
1025,18250,63.84,Maciej Sachs
1026,13583,63.82,Jerzy Hawryliszyn
1027,01536,63.81,Paweł Ofman
1028,18921,63.81,Bolesław Szkodziński
1029,02497,63.81,Dariusz Koproń
1030,04789,63.79,Romuald Jaruga
1031,11726,63.76,Ryszard Kamiński
1032,17584,63.74,Jerzy Olszewski
1033,02384,63.7,Edward Poniewiera
1034,02512,63.7,Krzysztof Latus
1035,19073,63.69,Marian Hutnik
1036,18795,63.68,Małgorzata Maruszkin
1037,18796,63.68,Karol Kasperkiewicz
1038,03923,63.67,Szymon Rosowski
1039,03670,63.67,Sławomir Cieślewicz
1040,07777,63.66,Ewa Banaszkiewicz
1041,04186,63.65,Janina Bakuła
1042,04314,63.64,Sylwester Kościński
1043,12383,63.61,Andrzej Chodowski
1044,18983,63.58,Jacek Karczmarczyk
1045,08411,63.58,Krzysztof Kobyliński
1046,04438,63.57,Alina Gudecka
1047,10443,63.56,Leszek Nowakowski
1048,04686,63.54,Janusz Przybyszewski
1049,19375,63.5,Zbigniew Kozerski
1050,19432,63.48,Andrzej Gierczyński
1051,19433,63.48,Mariusz Drewniak
1052,09389,63.44,Jan Damazyn
1053,01071,63.43,Jan Kadula
1054,01363,63.36,Włodzimierz Sieniuszko
1055,16936,63.35,Bolesław Radko
1056,14782,63.34,Jakub Patreuha
1057,08250,63.33,Andrzej Karczewski
1058,17274,63.31,Marcin Dziembor
1059,05893,63.31,Jacek Batóg
1060,03759,63.29,Janusz Kafel
1061,12229,63.25,Robert Rychlicki
1062,21541,63.25,Dariusz Wojtasiak
1063,01965,63.25,Piotr Dobecki
1064,10239,63.24,Jan Smolarek
1065,10456,63.24,Waldemar Brzozowski
1066,09025,63.23,Andrzej Gelberg
1067,18409,63.23,Dariusz Forycki
1068,14675,63.22,Genowefa Sierocka
1069,10576,63.22,Ryszard Beleć
1070,18507,63.17,Andrzej Jarząbek
1071,21404,63.17,Marek Kwaśniak
1072,04506,63.15,Regina Wołek
1073,10301,63.1,Andrzej Sobina
1074,15822,63.09,Jacek Metter
1075,01282,63.09,Adrian Brzuzy
1076,10157,63.09,Jarosław Jurczenko
1077,09184,63.08,Julian Mroziak
1078,10654,63.08,Bogdan Świadek
1079,19599,63.05,Włodzimierz Suchodolski
1080,19600,63.05,Krzysztof Dembek
1081,08994,63.05,Jacek Szkup
1082,04480,63.05,Waldemar Ślesicki
1083,17042,63.03,Marek Wysocki
1084,15414,63.02,Wojciech Okuniewski
1085,19423,63.01,Danuta Dudzik
1086,16296,62.95,Jerzy Bejma
1087,06638,62.93,Włodzimierz Janeczek
1088,07605,62.91,Zdzisław Godlewski
1089,04961,62.89,Stanisław Drzymała
1090,06669,62.88,Bogumił Kącicki
1091,01982,62.88,Andrzej Garczyński
1092,10356,62.86,Agnieszka Jonczyk
1093,08431,62.86,Wiesław Sycz
1094,17493,62.85,Adam Seichter
1095,14836,62.85,Tomasz Izydorek
1096,04490,62.84,Andrzej Tutaj
1097,04212,62.84,Mirosław Cichocki
1098,04793,62.84,Krzysztof Kluf
1099,07612,62.83,Andrzej Czumaj
1100,16873,62.82,Jacek Sowiński
1101,01724,62.81,Jerzy Więcławski
1102,10809,62.79,Ryszard Leśniewski
1103,04820,62.79,Wiesław Mączkowski
1104,04634,62.77,Grażyna Piszczek
1105,14397,62.77,Anna Jaskowiak
1106,19132,62.75,Jadwiga Nycz
1107,01459,62.75,Tadeusz Łabik
1108,01479,62.75,Marian Malung
1109,07928,62.75,Mariusz Łasiewicki
1110,18486,62.73,Irena Wilczyńska
1111,15217,62.72,Zofia Diakowska
1112,17695,62.66,Wacław Kryński
1113,01517,62.65,Janusz Preisner
1114,17295,62.65,Mirosław Jankowski
1115,12377,62.62,Albina Suder
1116,21588,62.61,Ewa Sumińska
1117,04456,62.59,Ryszard Smoczyński
1118,20899,62.59,Marian Andruch
1119,01010,62.58,Rena Bieda
1120,19380,62.57,Marek Borkowski
1121,02519,62.55,Bartosz Matras
1122,18253,62.54,Bogumił Drews
1123,18284,62.52,Aleks Bukat
1124,12899,62.52,Michał Wróbel
1125,17951,62.52,Jakub Bojanowski
1126,05548,62.51,Janusz Zwierzyński
1127,11466,62.5,Tadeusz Laszczak
1128,15226,62.49,Ryszard Szkwarek
1129,13364,62.42,Adam Lonski
1130,16655,62.37,Tadeusz Szczepański
1131,07750,62.34,Wiesław Sierzchuła
1132,19102,62.34,Marek Jefremienko
1133,19604,62.3,Tadeusz Górnicki
1134,10503,62.3,Bronisław Tabisz
1135,12380,62.26,Zdzisław Szyksznian
1136,17836,62.23,Leszek Jędrzejczak
1137,12173,62.23,Olga Wrzos
1138,16178,62.2,Leszek Tarnogrodzki
1139,01882,62.2,Andrzej Skotniczny
1140,15751,62.18,Jan Kulczycki
1141,07821,62.18,Andrzej Miklaszewski
1142,16450,62.15,Alicja Rybak
1143,02110,62.14,Zbigniew Przybylski
1144,05100,62.14,Michał Kanikowski
1145,12888,62.1,Andrzej Drgas
1146,12868,62.08,Ewa Miakisz
1147,10823,62.08,Piotr Zamiar
1148,20052,62.03,Marian Błoński
1149,06811,62.01,Jacek Musiał
1150,04491,62.0,Ewa Tutaj
1151,03021,62.0,Janusz Zegadło
1152,16738,62.0,Jacek Wąsik
1153,05170,61.99,Włodzimierz Kwiatkowski
1154,03379,61.98,Roman Mosór
1155,03526,61.98,Jan Szybalski
1156,05438,61.96,Witold Szczepaniak
1157,05603,61.95,Kazimierz Dróżdż
1158,19763,61.9,Marta Smętek
1159,05614,61.9,Jerzy Gaworczyk
1160,16087,61.89,Feliks Czechowski
1161,12220,61.81,Kazimierz Konefał
1162,18243,61.78,Jan Łodziana
1163,10222,61.78,Włodzimierz Heymann
1164,16728,61.76,Paweł Biś
1165,19404,61.76,Maria Kowal
1166,11533,61.76,Jan Grocholski
1167,15769,61.7,Piotr Birowski
1168,13118,61.7,Andrzej Janiak
1169,05501,61.7,Janina Winnowicz
1170,03281,61.69,Leszek Krzeczek
1171,06041,61.65,Edward Niewierowski
1172,01273,61.61,Janusz Czerniawski
1173,12778,61.59,Piotr Djakowski
1174,10158,61.59,Jarosław Kłosiński
1175,14692,61.58,Zbyszek Ratajczak
1176,16412,61.58,Jerzy Kudlik
1177,04968,61.58,Leszek Ernst
1178,16730,61.57,Paweł Siwak
1179,03030,61.56,Zbigniew Listewnik
1180,01847,61.55,Bronisław Mazur
1181,14252,61.55,Stefan Kopyt
1182,15055,61.54,Jerzy Dziemidowicz
1183,10458,61.54,Ryszard Maras
1184,16370,61.54,Jerzy Mierzejewski
1185,07033,61.52,Dariusz Zembrzuski
1186,16810,61.5,Przemysław Stefanowski
1187,15630,61.48,Marian Kanikowski
1188,02202,61.47,Anna Dworakowska
1189,15974,61.46,Bogdan Bialik
1190,06040,61.46,Grzegorz Niewiarowski
1191,03648,61.43,Albin Borkowski
1192,19776,61.42,Roman Nowiński
1193,19775,61.42,Ewa Nowińska
1194,20617,61.42,Witold Bogdan
1195,15957,61.42,Robert Truszkowski
1196,17390,61.41,Zofia Wciślik
1197,17844,61.4,Jacek Lipski
1198,02402,61.4,Zygmunt Sanocki
1199,02090,61.4,Tomasz Nowakowski
1200,01512,61.37,Dariusz Romejko
1201,14725,61.37,Marceli Pluciński
1202,14586,61.36,Magdalena Chmielewska
1203,14609,61.35,Piotr Szczygieł
1204,05046,61.31,Aleksander Heinze
1205,08057,61.3,Zbigniew Pinkiewicz
1206,03036,61.3,Ryszard Wieczorek
1207,01265,61.25,Stanisław Cieśla
1208,01628,61.25,Roman Siwiec
1209,04660,61.24,Marek Niesłuchowski
1210,01623,61.23,Wiesław Bartko
1211,17728,61.22,Grzegorz Makowiecki
1212,04590,61.2,Józef Idczak
1213,04556,61.19,Marek Torebko
1214,14837,61.17,Władysław Kucenko
1215,11477,61.17,Ryszard Kirkowski
1216,17683,61.15,Darla Szywalska
1217,09291,61.12,Andrzej Sielużycki
1218,21367,61.11,Jakub Bereza
1219,05246,61.11,Zofia Mikołajczyk
1220,18419,61.07,Tomasz Gellert
1221,09778,61.03,Szczepan Chruścicki
1222,17499,61.03,Dariusz Wiktorko
1223,08951,61.01,Janusz Tchórzewski
1224,05990,60.98,Zbigniew Kułaczkowski
1225,04179,60.96,Paweł Abramski
1226,19233,60.93,Marek Grabowski
1227,10896,60.92,Adam Michalczyk
1228,02141,60.91,Andrzej Stefanowicz
1229,15117,60.91,Tadeusz Osowski
1230,05213,60.9,Paweł Małecki
1231,01708,60.86,Józef Wiśnik
1232,14411,60.82,Marcin Mazerant
1233,16231,60.82,Kazimierz Namysł
1234,02413,60.77,Janusz Starke
1235,18667,60.75,Roman Wojciechowski
1236,16773,60.74,Ryszard Mazurkiewicz
1237,08379,60.74,Zdzisław Zachwieja
1238,03374,60.71,Bogusław Mojżesz
1239,01336,60.7,Leszek Haber
1240,03964,60.69,Piotr Szczuka
1241,18265,60.68,Ewa Sokolińska
1242,19099,60.68,Tadeusz Kubów
1243,17838,60.68,Jacek Gronowski
1244,19420,60.67,Marek Grużewski
1245,06559,60.67,Tadeusz Cymbalista
1246,19163,60.67,Wiktor Chałupniczak
1247,07561,60.66,Marek Kuczyński
1248,04171,60.66,Czesław Wojniusz
1249,04281,60.66,Leonard Januszko
1250,06872,60.65,Kazimierz Puczyński
1251,10463,60.65,Jerzy Długołęcki
1252,11509,60.63,Czesław Thrun
1253,07965,60.61,Zdzisław Herbut
1254,10465,60.61,Mieczysław Korzeniowski
1255,03885,60.58,Józef Palewicz
1256,04710,60.56,Stanisław Szejko
1257,16233,60.52,Eugeniusz Swendrowski
1258,18937,60.52,Kazimierz Wrzesiński
1259,19751,60.48,Janusz Szymański
1260,04608,60.47,Bernard Rynkowski
1261,17314,60.45,Marian Krzypkowski
1262,01243,60.44,Jan Biniewski
1263,04105,60.42,Andrzej Jakimiec
1264,20117,60.4,Andrzej Górniakowski
1265,01979,60.37,Jerzy Kwoczek
1266,17233,60.37,Jan Kosieradzki
1267,08157,60.37,Andrzej Wyrzykowski
1268,08403,60.36,Andrzej Fryszkowski
1269,06117,60.32,Franciszek Świderski
1270,04183,60.31,Janina Biała
1271,01317,60.31,Adam Birski
1272,06664,60.31,Jan Kandybowicz
1273,01001,60.28,Andrzej Ankiersztejn
1274,18603,60.26,Mirosława Swoboda
1275,02227,60.24,Ryszard Chmiel
1276,19535,60.21,Andrzej Krassowski
1277,03743,60.2,Marian Jankowski
1278,03682,60.2,Zbigniew Dąbek
1279,18743,60.2,Tomasz Kocurek
1280,18742,60.2,Andrzej Kocurek
1281,18482,60.19,Piotr Zalcman
1282,06992,60.17,Jolanta Wilkosz
1283,07809,60.16,Piotr Kołuda
1284,02470,60.16,Krzysztof Chabrowski
1285,19365,60.15,Andrzej Łodziński
1286,01616,60.15,Roman Walaszkowski
1287,02163,60.15,Henryk Tyburczy
1288,15687,60.12,Mieczysław Kańdulski
1289,20075,60.12,Jarosław Żołyniak
1290,02295,60.12,Zdzisław Korona
1291,16781,60.11,Jerzy Brachmański
1292,20066,60.11,Jerzy Głowiński
1293,01844,60.06,Feliks Marciszewski
1294,06069,60.06,Waldemar Pomorski
1295,19980,60.05,Dominik Puchała
1296,07849,60.05,Bogdan Szulejewski
1297,01163,59.98,Andrzej Skoczylas
1298,01164,59.98,Wojciech Krzyszczak
1299,18816,59.96,Józef Nowik
1300,15756,59.96,Joanna Kotwica
1301,16677,59.96,Jan Nowakowski
1302,10913,59.96,Jan Kudła
1303,01603,59.96,Ryszard Rolka
1304,13866,59.95,Arkadiusz Stojan
1305,20977,59.92,Kazimierz Żmiejko
1306,18502,59.9,Małgorzata Węglewska
1307,09288,59.9,Zbigniew Bando
1308,11157,59.88,Paweł Wiecha
1309,05286,59.87,Ryszard Nowicki
1310,06821,59.81,Daniel Norek
1311,15370,59.81,Edward Śniadecki
1312,03314,59.81,Waldemar Orłowski
1313,19469,59.79,Lesław Pyda
1314,07939,59.75,Elżbieta Waniurska
1315,08851,59.7,Edmund Zarzycki
1316,20823,59.69,Arnold Borkowski
1317,15371,59.65,Zdzisław Świtalski
1318,04021,59.63,Henryk Bałtronowicz
1319,09599,59.63,Stanisław Nadkierniczny
1320,11562,59.59,Kazimierz Wojajczyk
1321,18207,59.59,Antoni Jabłoński
1322,17724,59.59,Maksymilian Grochowski
1323,04512,59.58,Zdzisław Zackiewicz
1324,06321,59.58,Leszek Dzieńkowski
1325,01651,59.57,Mirosław Sporczyk
1326,13179,59.53,Janusz Kozioł
1327,11785,59.52,Tadeusz Grewling
1328,18128,59.51,Wojciech Kurkowski
1329,09301,59.5,Jerzy Bronisławski
1330,02196,59.5,Tadeusz Zwoliński
1331,19630,59.48,Mieczysław Hauswirt
1332,13106,59.48,Marek Waraczewski
1333,05102,59.48,Leszek Karwasiński
1334,04668,59.45,Zbigniew Kolański
1335,15677,59.44,Jarosław Roszczenko
1336,19831,59.41,Szymon Rojek
1337,18488,59.39,Zbigniew Zalesiński
1338,06101,59.37,Paweł Stężała
1339,10720,59.36,Maria Düm
1340,13622,59.35,Mirosław Łopaciuk
1341,09170,59.35,Aleksander Dudek
1342,11851,59.35,Piotr Popławski
1343,02036,59.35,Stanisław Kotas
1344,18604,59.34,Krystyna Goreń
1345,08212,59.34,Zenon Biczkowski
1346,20662,59.32,Jakub Ledwoń
1347,11244,59.32,Tomasz Kierepka
1348,17258,59.31,Wiesław Świderski
1349,19405,59.31,Roman Kowal
1350,20154,59.3,Marek Muńko
1351,06118,59.29,Jerzy Świderski
1352,10821,59.29,Daniel Wesołowski
1353,08177,59.28,Wiesław Kubiński
1354,17051,59.25,Jan Wadowski
1355,05298,59.23,Michał Pabich
1356,08944,59.23,Jerzy Krupka
1357,10344,59.22,Krzysztof Gacek
1358,03387,59.19,Tadeusz Nędzi
1359,19497,59.18,Andrzej Gintrowicz
1360,17383,59.18,Łukasz Stworzewicz
1361,01938,59.18,Henryk Bogucki
1362,01829,59.16,Andrzej Michalczyk
1363,18381,59.16,Janusz Kunicki
1364,14516,59.16,Tadeusz Rakoczy
1365,04189,59.15,Tadeusz Bastek
1366,04235,59.15,Marek Falkowski
1367,08990,59.13,Ryszard Sałata
1368,05010,59.1,Andrzej Góźdź
1369,17361,59.08,Marta Makarewicz
1370,05367,59.04,Zbigniew Sabała
1371,04885,59.04,Zbigniew Bera
1372,02928,59.03,Marek Kozdrach
1373,06355,59.02,Lech Warwocki
1374,20163,59.0,Juliusz Najmrodzki
1375,01101,59.0,Iwona Smilgin
1376,15084,58.98,Mirosław Stelmaszyk
1377,09287,58.97,Ryszard Mytych
1378,17770,58.97,Józef Malinowski
1379,16756,58.96,Marian Gołąbek
1380,01412,58.96,Wiesław Kozieł
1381,17943,58.94,Szymon Gorski
1382,05996,58.94,Zbigniew Lasocki
1383,18926,58.92,Mirosław Kawecki
1384,18349,58.92,Jerzy Dankowski
1385,08296,58.92,Wiesław Skupiński
1386,12650,58.87,Janusz Justyński
1387,07158,58.87,Zbigniew Hałaczkiewicz
1388,04824,58.85,Andrzej Pawelec
1389,21816,58.83,Joanna Kochanowska
1390,21815,58.83,Krzysztof Kochanowski
1391,18623,58.83,Andrzej Klimuk
1392,21959,58.78,Wiesław Wójcik
1393,01060,58.71,Leokadia Danielewicz
1394,01466,58.71,Stanisław Machowski
1395,03874,58.71,Alfred Nowak
1396,03853,58.67,Jerzy Misiórski
1397,18843,58.63,Wojciech Słysz
1398,05483,58.62,Tomasz Wasilewski
1399,08808,58.62,Tadeusz Mielko
1400,02156,58.61,Czesław Szymański
1401,19762,58.61,Franciszek Szklennik
1402,08374,58.58,Andrzej Jasiński
1403,05889,58.57,Patryk Araszkiewicz
1404,09311,58.57,Henryk Głąb
1405,04873,58.56,Bogusław Barański
1406,09569,58.56,Tadeusz Janeczek
1407,10056,58.55,Piotr Nowicki
1408,06705,58.54,Zdzisław Kowalewski
1409,15043,58.52,Justyna Łaniewska
1410,01108,58.5,Hanna Łazarska
1411,01465,58.49,Robert Łukomski
1412,01821,58.45,Wiesława Nawojczyk
1413,17662,58.44,Jacek Płoszyński
1414,09785,58.4,Tomasz Twaróg
1415,12985,58.4,Eugeniusz Strzyż
1416,16712,58.38,Ewa Krakówka
1417,05189,58.37,Wiesław Lisowski
1418,01645,58.34,Bogdan Sokół
1419,02580,58.33,Agata Kowal
1420,19899,58.33,Milena Klimiuk
1421,06648,58.31,Piotr Jurek
1422,18237,58.31,Janusz Chojnowski
1423,02115,58.29,Czesław Rekret
1424,04872,58.29,Zygfryd Banecki
1425,09357,58.26,Arkadiusz Majcher
1426,01598,58.26,Sławek Robel
1427,01671,58.24,Zbigniew Szanduła
1428,10674,58.24,Grzegorz Górecki
1429,03751,58.21,Ludwik Jurzysta
1430,10870,58.19,Paweł Krzemiński
1431,19472,58.19,Michał Krzemiński
1432,01770,58.19,Aleksander Zdybel
1433,06512,58.17,Jerzy Boczar
1434,06513,58.17,Maria Boczar
1435,12009,58.16,Mirosław Hryszko
1436,20737,58.15,Mirosław Owczarek
1437,06584,58.14,Dariusz Dyzio
1438,01366,58.12,Jerzy Henke
1439,20759,58.11,Franciszek Lipiński
1440,12331,58.1,Włodzimierz Jachalski
1441,05013,58.1,Aleksandra Graczyńska
1442,21046,58.09,Szymon Łobaczewski
1443,03658,58.07,Czesław Bury
1444,02243,58.07,Zdzisław Dolata
1445,17254,58.05,Krzysztof Jordan
1446,05640,58.03,Bronisław Janecki
1447,18208,58.01,Jerzy Gauza
1448,05637,58.01,Marian Jakubowski
1449,13123,58.0,Andrzej Łada
1450,04795,57.98,Ryszard Piotrowicz
1451,14395,57.98,Grzegorz Sowul
1452,06488,57.95,Wiesław Andruk
1453,10483,57.93,Jan Krakowski
1454,01324,57.92,Stanisław Greszta
1455,15074,57.92,Danuta Skowronek
1456,14364,57.92,Roman Pawłowski
1457,11435,57.91,Janusz Zaręba
1458,04659,57.9,Krzysztof Niemkiewicz
1459,13580,57.9,Marek Fijałkowski
1460,10577,57.88,Zbigniew Dachowski
1461,09822,57.86,Zdzisław Ingielewicz
1462,10794,57.86,Aleksander Chrenowski
1463,14939,57.82,Kazimierz Mazurkiewicz
1464,06246,57.81,Marcin Stryczyński
1465,07596,57.81,Krzysztof Brudka
1466,02372,57.81,Wiesław Pastuszko
1467,15213,57.81,Grzegorz Szulc
1468,18195,57.79,Anna Dawiec
1469,18194,57.79,Teresa Piasecka
1470,19035,57.78,Paulina Mrozińska
1471,21059,57.76,Sławomir Płatek
1472,02094,57.73,Romuald Paszkowski
1473,01958,57.73,Andrzej Czernow
1474,02377,57.73,Roman Pilecki
1475,17278,57.72,Bogdan Smykowski
1476,21958,57.71,Janusz Piłat
1477,01932,57.7,Wiesław Bielecki
1478,20003,57.7,Katarzyna Cantwell
1479,20771,57.7,Gerard Wenta
1480,17207,57.68,Jerzy Oleksiewicz
1481,16144,57.66,Stanisław Koleśnik
1482,13828,57.65,Kamila Kukuła
1483,08970,57.61,Bogusław Pawszak
1484,17036,57.61,Małgorzata Golec
1485,02479,57.6,Wojciech Gąska
1486,16799,57.54,Tomasz Powęzka
1487,04386,57.53,Andrzej Olczak
1488,04392,57.53,Robert Ostapczuk
1489,17297,57.51,Remigiusz Szymczak
1490,20259,57.51,Jan Kot
1491,04735,57.49,Wacław Wejknis
1492,09654,57.48,Lilianna Szatańska
1493,04782,57.47,Tadeusz Dąbrowski
1494,01399,57.47,Tadeusz Kaczan
1495,18797,57.47,Teresa Guberow
1496,18057,57.45,Zenon Gajkowski
1497,17735,57.44,Witold Lisicki
1498,01596,57.42,Małgorzata Robak
1499,04425,57.38,Marek Ratkowski
1500,18838,57.37,Tadeusz Marut
1501,18839,57.37,Janusz Słonina
1502,16332,57.37,Zofia Zachwieja
1503,17873,57.37,Adam Kutszyński
1504,19004,57.36,Jan Dziubałtowski
1505,03529,57.36,Jacek Szczerbowski
1506,06085,57.33,Zbigniew Sawicki
1507,07135,57.33,Marek Kawałko
1508,07156,57.33,Andrzej Pluta
1509,15625,57.32,Maryla Nakoneczna
1510,19727,57.32,Waldemar Paternoga
1511,04765,57.3,Stanisław Bubka
1512,11534,57.3,Marek Mazurek
1513,20164,57.28,Lech Pietroń
1514,12668,57.28,Lech Skwarżyński
1515,16441,57.26,Witold Moreń
1516,18251,57.25,Elżbieta Lis
1517,04153,57.23,Ireneusz Iwanow
1518,04317,57.22,Zdzisław Kurkowski
1519,12007,57.22,Henryk Cieśla
1520,14774,57.22,Ryszard Ćwierz
1521,20168,57.21,Bogusław Jarosz
1522,18785,57.21,Paweł Sierakowski
1523,13653,57.2,Leszek Rutkowski
1524,01510,57.15,Roman Waszczuk
1525,17337,57.12,Ariel Chlaściak
1526,20224,57.12,Krzysztof Rokita
1527,12694,57.09,Tadeusz Mediuch
1528,02502,57.08,Andrzej Kozak
1529,07665,57.07,Bernard Kurasz
1530,16372,57.06,Tadeusz Osiecki
1531,21640,57.05,Marian Wiśniewski
1532,15678,57.03,Janusz Struzik
1533,01891,57.03,Gerard Szweda
1534,18434,57.02,Janusz Stankiewicz
1535,18830,57.02,Stanisław Rękas
1536,20706,56.95,Jakub Michalski
1537,21220,56.95,Jadwiga Stężała
1538,21443,56.94,Stanisław Kraszewski
1539,02086,56.94,Czesław Niewiarowski
1540,11577,56.91,Marcin Arszyło
1541,03829,56.9,Bogumił Macierzyński
1542,16173,56.86,Beata Szczepańska
1543,02012,56.82,Mirosław Jedynak
1544,03615,56.81,Adam Zaczek
1545,11942,56.8,Bogdan Radwański
1546,07018,56.8,Włodzimierz Wyrzykowski
1547,01126,56.79,Bogusław Nidecki
1548,01713,56.79,Stanisław Wawszczyk
1549,08370,56.77,Bartłomiej Kamelski
1550,20975,56.76,Grzegorz Leśniewski
1551,02092,56.76,Bolesław Onyszczuk
1552,18761,56.75,Grażyna Ożóg
1553,11459,56.75,Jerzy Brzózy
1554,13033,56.73,Andrzej Pertkiewicz
1555,18408,56.73,Marek Hrebeniak
1556,20241,56.73,Magdalena Hrebeniak
1557,01633,56.72,Grzegorz Skowronek
1558,20903,56.69,Wiesław Radziwanowski
1559,03966,56.68,Franciszek Szkudlarek
1560,02033,56.67,Jan Korzeniowski
1561,06358,56.65,Sławomir Wiśniewski
1562,01371,56.64,Tomasz Lubecki
1563,01655,56.64,Janusz Staniów
1564,16874,56.59,Jacek Lech
1565,11582,56.54,Wioletta Parmonik
1566,17998,56.54,Joanna Serwatowska
1567,07786,56.54,Bogdan Dejnakowski
1568,04871,56.51,Jerzy Bajka
1569,18536,56.51,Jakub Marekwica
1570,12999,56.51,Adam Krysa
1571,01333,56.5,Krystyna Łąka
1572,01364,56.5,Grażyna Ćwiek
1573,10020,56.46,Jerzy Słomski
1574,19765,56.4,Edward Gilert
1575,11900,56.37,Dawid Kołodziejski
1576,08330,56.36,Paweł Marczak
1577,06111,56.34,Andrzej Szczodry
1578,17392,56.33,Urszula Stefaniak
1579,17507,56.33,Kazimierz Jaszczuk
1580,17539,56.3,Kacper Kuflowski
1581,03206,56.3,Maciej Janeczko
1582,21586,56.28,Tadeusz Kasperek
1583,03857,56.27,Jerzy Mojsiewicz
1584,18943,56.27,Witold Chmarzyński
1585,19536,56.26,Jerzy Chopcian
1586,05384,56.22,Zbigniew Sikorski
1587,16413,56.22,Bogusław Świeżawski
1588,13730,56.2,Grzegorz Cieślicki
1589,18966,56.2,Jacek Grzempowski
1590,05546,56.18,Ryszard Zimnoch
1591,03562,56.17,Jerzy Ujma
1592,06120,56.14,Jerzy Taźbierski
1593,02103,56.14,Zdzisław Pleskot
1594,07421,56.13,Tadeusz Szendzielarz
1595,07369,56.13,Zbigniew Mańdok
1596,03758,56.05,Robert Kadukowski
1597,03757,56.05,Jerzy Kadukowski
1598,08350,56.02,Władysław Tomasiak
1599,01223,56.01,Cathy Bałdysz
1600,19672,56.0,Kazimierz Duszczyk
1601,01999,55.99,Barbara Guziewicz
1602,20202,55.96,Wanda Kawa
1603,20203,55.96,Kazimierz Kawa
1604,18264,55.95,Edward Neuburger
1605,04731,55.91,Sylwester Walerowicz
1606,06527,55.9,Wanda Buszkowska
1607,20077,55.9,Tomasz Zataj
1608,05210,55.89,Przemysław Maliszewski
1609,05055,55.89,Jolanta Jacoszek
1610,20969,55.86,Genowefa Grenik
1611,05423,55.84,Jeremi Stępiński
1612,12508,55.83,Mateusz Górczak
1613,18216,55.83,Tomasz Kusztal
1614,15267,55.83,Lucjan Buława
1615,17227,55.82,Błażej Zalewski
1616,14475,55.82,Mieczysław Rejniak
1617,16460,55.82,Zbigniew Komorowski
1618,05517,55.78,Krzysztof Wośkowiak
1619,19721,55.78,Kacper Kisielewski
1620,14525,55.78,Przemysław Kurzak
1621,21525,55.78,Mariusz Trukawka
1622,09994,55.75,Adam Małecki
1623,10724,55.74,Tomasz Gutowski
1624,01208,55.73,Adam Żarnowski
1625,17643,55.72,Michał Powałka
1626,19080,55.72,Jan Szewczyk
1627,13406,55.7,Maciej Bramowicz
1628,17663,55.68,Waldemar Buśko
1629,17503,55.68,Mariusz Potocki
1630,07778,55.64,Włodzimierz Barszczewski
1631,12345,55.63,Andrzej Dudkiewicz
1632,05918,55.63,Tomasz Derba
1633,10999,55.59,Krzysztof Stodólny
1634,08377,55.59,Edward Guziołek
1635,09367,55.56,Stanisław Skrzypczak
1636,16220,55.55,Maciej Kokorniak
1637,16221,55.55,Piotr Długi
1638,01532,55.53,Henryk Nowiński
1639,01489,55.53,Henryk Mastalarz
1640,03309,55.5,Hanna Rohde
1641,03311,55.5,Krzysztof Rohde
1642,04101,55.49,Stanisław Pochodowicz
1643,18621,55.49,Mariusz Winkler
1644,18620,55.49,Grażyna Winkler
1645,18841,55.44,Michał Szadkowski
1646,19399,55.42,Bogumiła Kuryj
1647,19450,55.42,Janusz Karczewski
1648,04025,55.41,Jan Warda
1649,21390,55.41,Tomasz Romańczyk
1650,21529,55.39,Jacek Bartman
1651,20026,55.38,Maria Huzar
1652,08825,55.37,Cezary Kawiak
1653,16325,55.35,Andrzej Karpiński
1654,19843,55.32,Jan Trojak
1655,17865,55.27,Tomasz Martyna
1656,04400,55.23,Jerzy Bludau
1657,01386,55.23,Bożena Diakite
1658,09568,55.23,Mariusz Ilnicki
1659,19231,55.21,Henryk Adamski
1660,16586,55.14,Maciej Racewicz
1661,02236,55.14,Jerzy Cydzik
1662,02387,55.14,Stanisław Pryputniewicz
1663,09200,55.09,Mirosław Urbanek
1664,07817,55.07,Ewa Łukowska
1665,03104,55.06,Kazimierz Cios
1666,08821,55.03,Wojciech Harasimowicz
1667,02937,55.02,Nikander Kuszewski
1668,04450,54.99,Władysław Skowroński
1669,18854,54.99,Natalia Szoka
1670,02337,54.97,Tadeusz Marcinkowski
1671,18080,54.96,Sylwia Szczepańska
1672,14529,54.93,Ireneusz Cybulski
1673,01140,54.92,Andrzej Krzemiński
1674,04523,54.85,Piotr Żurakowski
1675,19745,54.77,Wacław Kaczmarek
1676,17819,54.77,Zbigniew Witt
1677,09365,54.76,Grzegorz Półtorak
1678,18249,54.75,Tomasz Adamczyk
1679,18630,54.74,Tadeusz Boroń
1680,13939,54.68,Zbigniew Dembiński
1681,18493,54.68,Jarosław Chłądowicz
1682,16269,54.66,Dariusz Grodzki
1683,13774,54.65,Sebastian Grocholski
1684,20005,54.64,Dariusz Wasilewski
1685,10549,54.6,Jerzy Małożewski
1686,06905,54.59,Ryszard Sałański
1687,02057,54.59,Radosław Liskowiak
1688,17296,54.58,Stanisław Kowalczewski
1689,13657,54.54,Paweł Pyziak
1690,11089,54.53,Marek Michalczyk
1691,15131,54.52,Bogdan Warchałowski
1692,18831,54.51,Janina Orłowska
1693,04458,54.51,Edward Sokołowski
1694,08143,54.5,Piotr Rapacki
1695,01218,54.47,Andrzej Szyc
1696,19090,54.44,Mariusz Baszenko
1697,07830,54.39,Jerzy Pawelec
1698,18223,54.38,Krzysztof Lickiewicz
1699,12226,54.35,Witold Nowicki
1700,21507,54.31,Józef Kubinowski
1701,18390,54.3,Jerzy Jakubowski
1702,01660,54.21,Władysław Stańczak
1703,19350,54.2,Robert Dominkiewicz
1704,02234,54.2,Piotr Ciesielski
1705,02214,54.2,Zbigniew Blinkiewicz
1706,14852,54.16,Jan Niedzielski
1707,19158,54.15,Tadeusz Kazimirowicz
1708,14763,54.15,Eugeniusz Mańkowski
1709,18936,54.14,Witold Orzeszko
1710,10437,54.14,Genadiusz Ryncewicz
1711,20123,54.09,Ewa Ziółkowska
1712,15123,54.08,Grzegorz Szablewski
1713,01670,54.07,Jan Szamkołowicz
1714,01662,54.07,Tomasz Struzik
1715,08144,54.03,Ireneusz Siemieniako
1716,14754,54.03,Henryk Leonowicz
1717,18242,54.03,Elżbieta Hurna
1718,18241,54.03,Halina Kaciłowicz
1719,06577,53.97,Zygmunt Dumała
1720,18455,53.95,Pietro Vinci
1721,03461,53.95,Jerzy Rebajn
1722,12129,53.93,Grzegorz Deptuła
1723,02008,53.93,Danuta Cieniewska
1724,18561,53.91,Jerzy Daniel
1725,02316,53.91,Leszek Latocki
1726,02401,53.91,Zdzisław Rzucidło
1727,19580,53.84,Andrzej Kryń
1728,21057,53.81,Dariusz Sarzyński
1729,14742,53.81,Wojciech Wojtas
1730,05059,53.75,Stanisław Janik
1731,19836,53.75,Elżbieta Brewińska
1732,14442,53.74,Marek Lenart
1733,18848,53.74,Narcyz Bączkowski
1734,18847,53.74,Ewa Bączkowska
1735,18878,53.74,Bogdan Lipiński
1736,11291,53.72,Przemysław Ohrysko
1737,11358,53.69,Aleksander Krych
1738,16502,53.65,Andrzej Sobula
1739,04563,53.64,Ireneusz Dzikowski
1740,20992,53.62,Leon Krajewski
1741,20108,53.62,Franciszek Krajewski
1742,19331,53.62,Michał Szołucha
1743,20819,53.6,Józef Brzuchalski
1744,02261,53.6,Krzysztof Hajkowski
1745,15263,53.59,Andrzej Rzechuła
1746,18840,53.55,Paweł Wolski
1747,07238,53.52,Andrzej Zalewski
1748,10315,53.52,Feliks Babiracki
1749,20717,53.52,Krzysztof Nogala
1750,17273,53.44,Janusz Sztolc
1751,17712,53.44,Zbigniew Orliński
1752,20668,53.44,Emilia Gwóźdź
1753,04341,53.39,Jan Lech
1754,01769,53.36,Jerzy Zatylny
1755,04602,53.36,Aleksander Kasprzak
1756,17049,53.36,Michał Samet
1757,08166,53.29,Renata Dancewicz
1758,19452,53.28,Halina Szarafin
1759,15955,53.26,Kazimierz Wyszomirski
1760,08389,53.25,Krzysztof Trunowicz
1761,19677,53.24,Jacek Jeleński
1762,10023,53.24,Leszek Łuniewski
1763,19508,53.23,Magdalena Mańkowska
1764,17654,53.23,Michał Mańkowski
1765,06291,53.2,Zdzisław Olszewski
1766,05116,53.16,Zbigniew Klimczak
1767,15228,53.16,Stanisław Cygan
1768,12391,53.13,Tomasz Klimkiewicz
1769,12390,53.13,Katarzyna Klimkiewicz
1770,09197,53.13,Józef Szumiński
1771,01571,53.1,Tadeusz Pogwizd
1772,18393,53.1,Wojciech Felsztyński
1773,02507,53.1,Grzegorz Kułak
1774,20976,53.09,Jolanta Kędzierska
1775,14301,53.08,Marian Grzesiak
1776,06048,53.07,Roman Olszewski
1777,13784,53.06,Wacław Rój
1778,19714,53.03,Andrzej Skrzydło
1779,10457,53.02,Zdzisław Majer
1780,14539,52.93,Bronisław Kamiński
1781,20820,52.89,Czesław Szczerba
1782,09384,52.86,Bernard Żenkin
1783,17100,52.86,Andrzej Waszyński
1784,01325,52.85,Maciej Grodzki
1785,14885,52.83,Marcin Dobrowolski
1786,08549,52.83,Anna Maduzia
1787,16637,52.83,Joanna Szymaszczyk
1788,21956,52.81,Bogdan Trzyciecki
1789,21955,52.81,Sławomir Dąbrowski
1790,14474,52.8,Krzysztof Kasprzyk
1791,20896,52.79,Aniela Jarnutowska
1792,17208,52.79,Marian Pająk
1793,12001,52.75,Jerzy Powalisz
1794,06903,52.74,Józef Rzepka
1795,01607,52.7,Jacek Rutowicz
1796,19486,52.67,Iwona Klorek
1797,05802,52.66,Mirosław Samujłło
1798,08119,52.66,Waldemar Warzała
1799,16257,52.61,Ryszard Szewczyk
1800,10024,52.6,Stefan Maruszewski
1801,06766,52.55,Wiesław Maciejczuk
1802,08532,52.53,Mieczysław Madej
1803,15846,52.53,Krzysztof Sałaj
1804,04750,52.52,Ewa Wyszomierska
1805,04767,52.52,Marek Wyszomierski
1806,18480,52.51,Witold Jochym
1807,10127,52.49,Janusz Gomoliński
1808,16750,52.47,Janina Szozda
1809,11371,52.44,Maciej Chrobot
1810,02049,52.43,Kazimierz Kuczyński
1811,20186,52.41,Anna Górska
1812,15353,52.41,Piotr Watemborski
1813,13918,52.39,Wojciech Wojsa
1814,20914,52.39,Marta Lewandowska
1815,20921,52.39,Jolanta Lewandowska
1816,12889,52.38,Ryszard Jakubczak
1817,16669,52.26,Ireneusz Ślęzak
1818,09194,52.25,Adrian Spyrka
1819,11747,52.22,Edmund Freund
1820,19086,52.2,Marek Szyszkiewicz
1821,13721,52.15,Michał Zimpel
1822,15656,52.15,Piotr Czarnecki
1823,04066,52.15,Zbigniew Gadek
1824,13125,52.13,Wiesław Pytka
1825,13127,52.13,Stanisław Sulima
1826,10343,52.12,Waldemar Marczyński
1827,05555,52.05,Henryk Zmuda
1828,17875,52.04,Juliusz Buśko
1829,18704,52.03,Jerzy Pucek
1830,07952,52.02,Marek Osiński
1831,08356,52.0,Jan Purczyński
1832,11637,52.0,Andrzej Błachno
1833,21016,52.0,Lonisława Jasińska
1834,21017,52.0,Walerian Jasiński
1835,14535,51.99,Lesław Klader
1836,16069,51.97,Łukasz Trendak
1837,19310,51.97,Joanna Sokołowska
1838,16765,51.97,Mirosław Makurat
1839,04078,51.96,Jan Gardocki
1840,19740,51.88,Leszek Grzelak
1841,06173,51.88,Andrzej Chrzanowski
1842,05404,51.88,Marek Sosiński
1843,09082,51.88,Eugeniusz Dota
1844,12002,51.87,Jerzy Rosenthal
1845,15399,51.87,Leszek Gozdek
1846,01111,51.77,Janina Maksymowicz
1847,03333,51.77,Iwona Wierzbicka
1848,05519,51.77,Marcin Woźniak
1849,20148,51.75,Jan Kurianowicz
1850,20149,51.75,Ireneusz Hebdowski
1851,17730,51.74,Janusz Menkina
1852,02017,51.74,Tomasz Karanikas
1853,03375,51.72,Jerzy Mojżesz
1854,20877,51.65,Hanna Czerwińska
1855,06337,51.56,Jerzy Manecki
1856,17397,51.53,Krzysztof Sopecki
1857,07946,51.49,Edward Witan
1858,20597,51.49,Ewa Herda
1859,01605,51.43,Jolanta Rucińska
1860,20592,51.38,Grzegorz Typek
1861,16780,51.38,Wiesław Grabowski
1862,15647,51.36,Jan Ciulkin
1863,19347,51.36,Adam Maryniak
1864,02399,51.32,Jerzy Ryndak
1865,17947,51.31,Eugeniusz Kozak
1866,11610,51.27,Paweł Starnawski
1867,04166,51.23,Piotr Tokarski
1868,02268,51.16,Lesław Hugiel
1869,02269,51.16,Irena Hugiel
1870,06185,51.15,Sławomir Grabowski
1871,17685,51.11,Aleksander Minta
1872,17686,51.11,Wiesław Rakowski
1873,03426,51.1,Adam Pietrzak
1874,06339,51.09,Janusz Maruszewski
1875,06331,51.09,Roman Kiełkiewicz
1876,08539,51.06,Tomasz Zarębski
1877,10165,50.96,Janusz Romański
1878,21511,50.92,Włodzimierz Banasiewicz
1879,11550,50.91,Piotr Marcinowski
1880,17708,50.84,Ryszard Gmoch
1881,08555,50.84,Adam Gregorowicz
1882,21500,50.82,Mariusz Trochimiuk
1883,06478,50.81,Stanisław Tranda
1884,06932,50.79,Sylwester Smoluchowski
1885,03033,50.77,Janusz Bachrach
1886,12346,50.75,Andrzej Włodarczak
1887,01542,50.73,Andrzej Ołpiński
1888,16116,50.73,Zbigniew Cholewiński
1889,07854,50.71,Witalis Talar
1890,09773,50.71,Andrzej Lenart
1891,13796,50.7,Marzena Banach
1892,02618,50.7,Zofia Czarnecka
1893,17209,50.69,Krzysztof Janecki
1894,08155,50.65,Ryszard Wróblewski
1895,17013,50.59,Stanisław Horochowski
1896,18413,50.58,Grażyna Piorun
1897,06935,50.57,Janusz Sobolewski
1898,13938,50.57,Janusz Woźniak
1899,10183,50.54,Jan Czajkowski
1900,17006,50.53,Andrzej Miller
1901,04551,50.53,Robert Czarnecki
1902,18892,50.52,Sławomir Gomulak
1903,05509,50.44,Marek Włoszczuk
1904,19401,50.44,Jerzy Laszczak
1905,21712,50.37,Krzysztof Stec
1906,19674,50.35,Andrzej Rymarz
1907,02093,50.32,Stanisław Owczarski
1908,19124,50.3,Ireneusz Turyk
1909,12876,50.28,Kazimierz Przymusiński
1910,12018,50.23,Andrzej Wilemski
1911,13409,50.23,Andrzej Chabierski
1912,17900,50.21,Henryk Nowak
1913,20196,50.19,Ireneusz Drabczyk
1914,05421,50.15,Jerzy Stefanowski
1915,02514,50.13,Andrzej Lewicki
1916,15143,50.09,Marcin Pastudzki
1917,16776,50.09,Szymon Niewiadomski
1918,03725,50.04,Zbigniew Hęćka
1919,06352,50.01,Leszek Szeląg
1920,16082,50.0,Waldemar Surmacz
1921,19662,49.95,Kuba Mierzwiński
1922,07480,49.93,Zdzisław Madej
1923,05409,49.85,Andrzej Spychała
1924,07704,49.81,Ilona Bobko
1925,07712,49.81,Aleksander Bobko
1926,21213,49.8,Mieczysław Głowacki
1927,19189,49.77,Zofia Trojan
1928,18896,49.77,Jakub Franczak
1929,01644,49.76,Eugeniusz Soiński
1930,02296,49.76,Janusz Kotasa
1931,01682,49.76,Michał Szymkowiak
1932,14573,49.75,Waldemar Klekowski
1933,02552,49.75,Piotr Sopiński
1934,19453,49.75,Aleksander Łukasz
1935,21957,49.74,Ryszard Borowski
1936,20121,49.71,Roman Zachariasiewicz
1937,01095,49.67,Jerzy Kubiński
1938,04133,49.54,Henryk Stecewicz
1939,01493,49.48,Bohdan Mazur
1940,07914,49.45,Janusz Sidelnik
1941,19755,49.43,Marek Łukaszewski
1942,02246,49.36,Witold Dygas
1943,02245,49.36,Paweł Dubowski
1944,04536,49.34,Marek Boros
1945,15700,49.34,Barbara Boros
1946,20119,49.32,Alina Majchrzak
1947,19463,49.32,Bogdan Kowalczyk
1948,19507,49.32,Elżbieta Fiejka
1949,18989,49.31,Janusz Strześniewski
1950,15398,49.3,Lucyna Gozdek
1951,14515,49.3,Mieczysław Romanowski
1952,05001,49.29,Krzysztof Goźdź
1953,04034,49.29,Tadeusz Żurek
1954,14655,49.29,Arkadiusz Stanisławski
1955,17024,49.27,Grażyna Płocka
1956,17048,49.27,Marcin Ozga
1957,12354,49.25,Janusz Śniadecki
1958,19484,49.24,Urszula Staniszewska
1959,04455,49.23,Mieczysław Sokołowski
1960,19385,49.18,Małgorzata Lipnicka
1961,07051,49.17,Edward Branicki
1962,15770,49.17,Adam Szewczak
1963,17759,49.17,Andrzej Pawłowski
1964,16070,49.14,Krystian Bączek
1965,01928,49.12,Halina Baran
1966,08267,49.1,Andrzej Izwantowski
1967,20298,49.1,Jan Izwantowski
1968,04299,49.05,Tadeusz Grochowski
1969,13763,49.05,Tadeusz Krajewski
1970,16887,48.98,Sławomir Redmerski
1971,05700,48.95,Mieczysław Magott
1972,15768,48.95,Krzysztof Wiesiołek
1973,04416,48.93,Bernard Pszczoła
1974,16716,48.92,Lena Ostrowska
1975,15375,48.91,Ryszard Kurpios
1976,01782,48.89,Piotr Andres
1977,10561,48.88,Tadeusz Więckiewicz
1978,18255,48.86,Wiesław Kurowski
1979,08224,48.83,Maciej Rechlewski
1980,07756,48.81,Piotr Serkowski
1981,20173,48.79,Maciej Schmidt
1982,17257,48.78,Ryszard Kapela
1983,05235,48.78,Janusz Michalec
1984,04001,48.76,Adam Wróblewski
1985,11836,48.75,Jerzy Karwacki
1986,14789,48.71,Bartosz Kaczmarek
1987,21062,48.71,Tomasz Pawlik
1988,13899,48.71,Grzegorz Jędrzejewski
1989,16187,48.68,Krzysztof Czapczyk
1990,10711,48.68,Karol Brzozowski
1991,12872,48.67,Stefan Samól
1992,15632,48.65,Mateusz Strzelczyk
1993,16255,48.65,Joanna Kokot
1994,04791,48.64,Andrzej Gumienny
1995,20898,48.62,Bogusław Jóźwiak
1996,17692,48.6,Anna Nożyńska
1997,05295,48.57,Elżbieta Drobkiewicz
1998,01157,48.56,Jadwiga Roźniatowska
1999,06959,48.54,Zofia Szuchnik
2000,15269,48.53,Eugeniusz Jaworski
2001,19737,48.51,Krzysztof Różycki
2002,06711,48.51,Hanna Koziorowska
2003,06710,48.51,Tomasz Kozarzewski
2004,16885,48.48,Dariusz Jagodziński
2005,19581,48.44,Stanisław Fiedkiewicz
2006,12272,48.42,Anna Makarewicz
2007,17030,48.42,Anna Zaręba
2008,19113,48.39,Anna Cisek
2009,19981,48.39,Robert Brak
2010,12283,48.35,Antoni Warzecha
2011,06253,48.34,Tadeusz Wiśniewski
2012,20147,48.34,Jadwiga Chudzik
2013,13117,48.32,Jacek Ćwięk
2014,10444,48.31,Stefan Cabaj
2015,06629,48.31,Włodzimierz Ilnicki
2016,02076,48.3,Andrzej Mazurak
2017,18855,48.29,Emilia Kemuś
2018,17508,48.27,Maciej Masłowski
2019,18090,48.23,Bolesław Ficek
2020,04126,48.2,Wacław Nazaruk
2021,18324,48.17,Jan Wiązek
2022,20330,48.12,Małgorzata Humeniuk
2023,20331,48.12,Anna Czarna
2024,14982,48.09,Paweł Łużecki
2025,18422,48.06,Jerzy Szramowski
2026,19338,48.06,Marian Purczyński
2027,13174,48.05,Ryszard Zwolak
2028,05822,48.04,Tomasz Spodenkiewicz
2029,06033,48.01,Włodzimierz Mysłek
2030,07940,48.0,Piotr Waniurski
2031,01737,47.94,Maria Piłat
2032,01738,47.94,Cecylia Sienkiewicz
2033,19327,47.94,Tomasz Fedak
2034,02259,47.94,Andrzej Grygorczuk
2035,21807,47.93,Elżbieta Poniatowska
2036,06721,47.91,Edward Krusiewicz
2037,06507,47.9,Wojciech Biegajło
2038,16203,47.88,Józef Kolak
2039,06845,47.84,Tomasz Paluchowski
2040,01632,47.84,Aleksander Skorupa
2041,07717,47.81,Halina Mikołajczak
2042,10435,47.79,Waldemar Putz
2043,01997,47.71,Grażyna Gruszczyńska
2044,06248,47.7,Hilary Ślesicki
2045,18029,47.7,Jan Milewski
2046,20303,47.7,Tadeusz Prokopowicz
2047,01437,47.65,Zdzisław Kunc
2048,11519,47.65,Bożena Rakuzy
2049,02546,47.61,Jacek Przybyś
2050,20948,47.58,Teresa Gadomska
2051,02278,47.57,Kazimierz Jaskuła
2052,02379,47.57,Bolesław Piotrowicz
2053,20046,47.57,Witold Lachowski
2054,17657,47.54,Krystyna Frąckiewicz
2055,01537,47.5,Wiesław Ogrodnik
2056,02018,47.49,Robert Karanowski
2057,01988,47.49,Judyta Golińska
2058,04327,47.46,Józefa Krzemieńska
2059,07986,47.44,Wiesław Pawelec
2060,17798,47.39,Marianna Kulikowska
2061,20209,47.33,Marcin Dziuba
2062,17756,47.26,Artur Szybowski
2063,17754,47.26,Andrzej Trzeciak
2064,07091,47.26,Henryk Krakowiak
2065,08833,47.25,Zdzisław Michalski
2066,09427,47.25,Mariusz Wierzchowski
2067,18631,47.16,Mirosław Urbaniak
2068,13379,47.1,Włodzimierz Urbanowicz
2069,18263,47.1,Aleksander Gos
2070,07615,47.1,Wojciech Ogonowski
2071,04043,47.06,Mirosław Liszewski
2072,06564,47.05,Gerard Czernohorski
2073,06927,47.05,Waldemar Składanowski
2074,04596,47.04,Ryszard Jarmużewski
2075,17076,46.99,Joanna Gąsior
2076,11994,46.98,Zbigniew Jasiecki
2077,14660,46.98,Zbigniew Ruchlicki
2078,03724,46.98,Leszek Hejne
2079,18949,46.98,Tomasz Markiewicz
2080,10119,46.97,Mirosława Siwek
2081,06717,46.97,Jolanta Krogulska
2082,20079,46.97,Anna Różańska
2083,01615,46.96,Jan Sadowski
2084,01864,46.89,Andrzej Owczarek
2085,01359,46.87,Albert Jasiorowski
2086,14502,46.85,Waldemar Pietrzak
2087,19011,46.76,Marian Piasecki
2088,05983,46.74,Marian Kryger
2089,08348,46.73,Piotr Wilczok
2090,17294,46.67,Marek Bałabuch
2091,21006,46.66,Barbara Hunt
2092,18331,46.66,Piotr Gałczyński
2093,17270,46.66,Anna Szatkowska
2094,10455,46.49,Mirosław Andrzejczak
2095,15949,46.47,Tadeusz Stodulski
2096,18019,46.47,Zbigniew Milewski
2097,11172,46.46,Andrzej Natański
2098,19397,46.46,Maja Trojańska
2099,17568,46.46,Marianna Pantak
2100,12318,46.42,Jacek Nawrocki
2101,01637,46.41,Antoni Słowik
2102,01638,46.41,Mariusz Słowik
2103,04030,46.36,Marek Nasiłowski
2104,04017,46.36,Iwona Puczyłowska
2105,21566,46.35,Adam Grzona
2106,21565,46.35,Zbigniew Łuczak
2107,18326,46.33,Grzegorz Janicki
2108,05508,46.33,Robert Włodkowski
2109,11658,46.28,Zofia Zaręba
2110,18182,46.27,Marek Świniarski
2111,14420,46.26,Igor Chalupec
2112,18391,46.24,Urszula Jakubowska
2113,01849,46.21,Romuald Chodań
2114,01725,46.21,Dariusz Wincenty
2115,20225,46.17,Maciej Cieślukowski
2116,14302,46.17,Edward Michalak
2117,17689,46.16,Maria Firgon
2118,16368,46.16,Stanislaw Holtyn
2119,05339,46.12,Andrzej Przybylski
2120,01781,46.12,Andrzej Aleksandrzak
2121,05523,46.12,Artur Wójcik
2122,13603,46.1,Paweł Galuba
2123,05532,46.1,Włodzimierz Zabłocki
2124,18485,46.1,Jerzy Danel
2125,17607,46.1,Jadwiga Mysłowska
2126,01423,46.09,Adam Król
2127,08576,46.07,Stefan Urbich
2128,20133,46.07,Franciszek Stężała
2129,19720,46.07,Antoni Wójtowicz
2130,04578,46.05,Józef Gnaciński
2131,01114,46.05,Władysław Martens
2132,21126,46.04,Ryszard Rychlik
2133,18120,46.01,Hubert Kędziorek
2134,09155,45.99,Piotr Ciak
2135,04263,45.96,Romuald Grudziński
2136,16862,45.95,Paweł Bagrowski
2137,20796,45.92,Jakub Butkiewicz
2138,02994,45.9,Andrzej Szulborski
2139,09585,45.9,Marek Radecki
2140,05325,45.9,Jerzy Podgruszewski
2141,01269,45.89,Aleksander Czajka
2142,15125,45.82,Daniel Mujstra
2143,18147,45.79,Grzegorz Gruza
2144,17723,45.79,Michał Lange
2145,18842,45.68,Rafał Milinkiewicz
2146,07810,45.61,Waldemar Kostrzewa
2147,07814,45.61,Piotr Kuźmicz
2148,15086,45.6,Patryk Kośla
2149,15082,45.6,Krzysztof Lubkowski
2150,20028,45.57,Anna Kołodziejczyk
2151,16366,45.56,Andrzej Seiler
2152,04067,45.55,Tomasz Bliński
2153,04104,45.51,Adam Popławski
2154,11624,45.47,Jan Jaworski
2155,01450,45.44,Bogdan Leśniak
2156,01587,45.44,Marek Rajca
2157,05090,45.43,Przemysław Kaczmarek
2158,18990,45.43,Jędrzej Górski
2159,01584,45.37,Janusz Jaszczak
2160,06363,45.32,Andrzej Tybura
2161,18876,45.32,Andrzej Cieliszak
2162,18298,45.29,Ryszard Pietrzak
2163,02311,45.28,Edward Kulus
2164,09995,45.28,Karol Mońko
2165,19550,45.28,Ireneusz Grabowski
2166,21222,45.24,Barbara Czarnecka
2167,07896,45.2,Władysław Kurek
2168,06978,45.18,Tomasz Ukraiński
2169,14464,45.16,Tomasz Filak
2170,18676,45.13,Tadeusz Dańczak
2171,01540,45.13,Józef Olejnik
2172,13999,45.11,Barbara Smulska
2173,10224,45.1,Jerzy Tajer
2174,06793,45.05,Wiesław Miłkowski
2175,20633,44.99,Michał Płoski
2176,21253,44.98,Julianna Szymonek
2177,19693,44.95,Zbigniew Ruszkowski
2178,06177,44.91,Szymon Dutkiewicz
2179,21083,44.87,Rafał Bald
2180,19603,44.86,Anna Gendaj
2181,07144,44.78,Tadeusz Dudziak
2182,07343,44.78,Janusz Kozula
2183,12464,44.74,Paweł Jaszczak
2184,18172,44.73,Marek Skonieczny
2185,01795,44.66,Witold Depa
2186,11219,44.64,Bogdan Żelazowski
2187,04914,44.61,Aleksander Buchholz
2188,21526,44.54,Adam Najdecki
2189,06130,44.53,Wojciech Waszkiewicz
2190,06530,44.52,Jerzy Cel
2191,05150,44.48,Stanisław Krzyżanowski
2192,02034,44.44,Zbigniew Kosiór
2193,04237,44.27,Zdzisław Falkowski
2194,17494,44.2,Aleksander Zatke
2195,05670,44.2,Andrzej Kozikowski
2196,03814,44.16,Alojzy Lewandowski
2197,19687,44.09,Stanisław Stachowicz
2198,07486,44.08,Grzegorz Niestój
2199,13105,44.08,Jerzy Szamałek
2200,09278,44.02,Hubert Zacharski
2201,08931,44.02,Andrzej Fengler
2202,16476,44.01,Marek Krowicki
2203,03847,44.01,Jarosław Michałowski
2204,02126,43.98,Sebastian Simonienko
2205,01968,43.98,Sławomir Drewalski
2206,01613,43.96,Marek Rzeszutek
2207,07794,43.95,Marta Janeczek
2208,04547,43.95,Andrzej Bunikowski
2209,02559,43.93,Jerzy Tarajko
2210,01021,43.93,Wincenty Chmiel
2211,16694,43.93,Zenon Filipiak
2212,10440,43.88,Mieczysław Walkowiak
2213,10438,43.88,Henryk Kumoch
2214,14699,43.82,Dariusz Bebko
2215,02422,43.77,Piotr Szafrański
2216,18575,43.76,Zenon Skrzypczak
2217,18627,43.72,Krzysztof Wierzbicki
2218,09332,43.7,Janusz Galewski
2219,03715,43.56,Marek Grewling
2220,08300,43.56,Renata Gawrońska
2221,13114,43.51,Kazimierz Macioszczyk
2222,03661,43.49,Leonard Dubowik
2223,08466,43.43,Edward Cios
2224,20666,43.42,Mateusz Wołowiec
2225,18368,43.26,Mieczysław Uniejewski
2226,18367,43.26,Bożena Listwoń
2227,19685,43.23,Marek Gutkowski
2228,12772,43.18,Dariusz Szatan
2229,12771,43.18,Agata Szatan
2230,16323,43.18,Halina Pientka
2231,18985,43.12,Grażyna Rzeczycka
2232,18986,43.12,Zbigniew Rzeczycki
2233,11586,43.09,Waldemar Rybarczyk
2234,18016,43.08,Mieczysław Skowroński
2235,14883,43.08,Andrzej Buczkowski
2236,03823,43.08,Stanisław Łański
2237,01027,43.07,Stanisław Cisek
2238,20773,43.04,Andrzej Gan
2239,07080,43.04,Tomasz Freitag
2240,06023,42.99,Andrzej Matysek
2241,04904,42.96,Janusz Borowski
2242,19645,42.94,Wioleta Strzyżewska
2243,13940,42.9,Andrzej Łukianiuk
2244,03076,42.89,Bożena Szyszko
2245,10833,42.87,Aleksander Szczupakowski
2246,06822,42.87,Anna Nosalska
2247,21563,42.86,Ksawery Pragłowski
2248,17684,42.81,Waldemar Miłoszewski
2249,12610,42.8,Łukasz Żmiejko
2250,11761,42.76,Krzysztof Tekielski
2251,13259,42.6,Andrzej Dachowski
2252,04553,42.6,Elżbieta Czekaj
2253,04628,42.58,Marcin Kut
2254,04627,42.58,Jacek Kuśmierz
2255,20176,42.55,Lech Walens
2256,18328,42.55,Edmund Hertmanowski
2257,19006,42.54,Mieczysław Niciak
2258,21033,42.45,Alicja Usowicz
2259,18459,42.45,Ewa Kubiak
2260,20644,42.43,Anna Tamborska
2261,20248,42.43,Barbara Adamczyk
2262,07887,42.37,Antoni Gocyła
2263,02433,42.37,Zbigniew Telec
2264,18143,42.35,Michał Mac
2265,04128,42.33,Grzegorz Zalewski
2266,11095,42.33,Wiesław Korpula
2267,14503,42.24,Ryszard Kowalski
2268,17775,42.23,Maciej Betliński
2269,17789,42.23,Sebastian Zimorski
2270,10504,42.22,Andrzej Sontowski
2271,09929,42.22,Waldemar Stępiński
2272,15721,42.19,Henryk Jeliński
2273,15351,42.15,Jerzy Maszenda
2274,14506,42.11,Jacek Czechowicz
2275,14357,42.11,Tomasz Sobczak
2276,08613,42.07,Maciej Jaworski
2277,04639,42.04,Andrzej Malinowski
2278,20242,42.03,Jerzy Machura
2279,20746,41.94,Aleksander Perzyna
2280,09162,41.94,Jacek Trętowski
2281,02491,41.87,Jacek Karwowski
2282,02904,41.87,Janusz Gawęcki
2283,21061,41.87,Hubert Kochanowski
2284,04760,41.79,Antoni Adamiec
2285,03740,41.78,Roman Janczarek
2286,11456,41.78,Piotr Janczarek
2287,18803,41.77,Iwona Malinka
2288,18800,41.77,Bogusław Malinka
2289,06977,41.7,Janusz Tyszkiewicz
2290,05490,41.7,Grzegorz Wichtowski
2291,19207,41.65,Jolanta Trojanowska
2292,18925,41.6,Andrzej Bojda
2293,18776,41.59,Henryk Kuźmiński
2294,18457,41.44,Urszula Niespodziewańska
2295,01511,41.43,Robert Mroczek
2296,01436,41.43,Stanisław Kulpaczyński
2297,07695,41.4,Czesław Kościelak
2298,18300,41.39,Grażyna Śniadewicz
2299,07572,41.38,Ireneusz Jagielski
2300,04497,41.38,Mirosław Wilga
2301,10425,41.37,Artur Cielecki
2302,04625,41.36,Wiesław Piszczek
2303,12865,41.32,Zbigniew Oleszczuk
2304,12450,41.31,Katarzyna Dufrat
2305,18071,41.17,Danuta Rudzka
2306,18070,41.17,Andrzej Rudzki
2307,19756,41.14,Zdzisław Łuczak
2308,05850,41.08,Janusz Tańcula
2309,13590,41.07,Jagna Wajda
2310,06702,40.97,Janusz Kowalczyk
2311,15870,40.92,Andrzej Kulasa
2312,20120,40.89,Artur Buciak
2313,04315,40.81,Jakub Kowalczyk
2314,04229,40.81,Mirosław Doroszuk
2315,19575,40.8,Ewa Pietrzykowska
2316,21047,40.8,Wiktoria Pańcyk
2317,06159,40.78,Edward Aranowski
2318,16455,40.73,Jerzy Znajdek
2319,16477,40.67,Sławomir Malanowski
2320,16787,40.66,Justyna Graniczny
2321,03144,40.5,Marian Gacek
2322,18881,40.46,Tadeusz Rodak
2323,08969,40.42,Jerzy Włoch
2324,04325,40.42,Lucyna Krutelewicz
2325,20795,40.39,Józef Lemke
2326,20244,40.28,Gerard Bełkowski
2327,14520,40.28,Jerzy Bauchrowicz
2328,12328,40.18,Zygmunt Kondyjowski
2329,18036,40.16,Leszek Tylec
2330,05333,40.02,Mirosław Powązka
2331,05531,40.02,Zdzisława Zabłocka
2332,08228,40.01,Rajmund Wiśniewski
2333,03020,39.98,Grzegorz Zakrzewski
2334,10067,39.97,Andrzej Domański
2335,19398,39.91,Ewa Hryć
2336,20227,39.78,Krzysztof Kowalewski
2337,11748,39.75,Jerzy Gryzio
2338,15655,39.7,Małgorzata Zielonacka
2339,01562,39.7,Karol Bojarczuk
2340,13422,39.68,Leszek Zieliński
2341,18518,39.68,Maria Kobyniewicz
2342,17912,39.63,Alicja Kaczmarek
2343,13214,39.57,Dariusz Wysocki
2344,20127,39.49,Paweł Kaczmarczyk
2345,20655,39.48,Dominika Lucka
2346,17800,39.45,Wiesław Flak
2347,17799,39.45,Tadeusz Wojciechowski
2348,01341,39.38,Jan Hofbauer
2349,04751,39.31,Andrzej Zaleski
2350,04535,39.31,Dariusz Bogucki
2351,19749,39.28,Grzegorz Świąder
2352,19835,39.16,Witold Biedrzycki
2353,16473,39.13,Wojciech Niewiadomski
2354,16774,39.08,Grzegorz Mzyk
2355,16775,39.08,Elżbieta Niewiadomska
2356,12295,39.04,Stefan Warkowski
2357,16147,39.02,Marek Bednarczyk
2358,02439,39.01,Stefan Waga
2359,18477,38.95,Zbigniew Kulas
2360,18489,38.95,Paweł Sztobnicki
2361,18901,38.89,Grzegorz Kujawiński
2362,15145,38.87,Sławomir Lasota
2363,18229,38.83,Paweł Kaczmarowski
2364,20165,38.79,Elżbieta Fedorowicz
2365,08153,38.51,Henryk Wiszniewski
2366,19383,38.45,Jacek Liszewski
2367,19976,38.45,Roman Gajdzis
2368,18065,38.43,Lech Kobajło
2369,01492,38.34,Michał Klincewicz
2370,06940,38.32,Sylwester Sommer
2371,19205,38.26,Jarosław Kręcioch
2372,19206,38.26,Iwona Kręcioch
2373,17673,38.24,Stanisław Rowicki
2374,04900,38.21,Paweł Bodoń
2375,21214,38.12,Andrzej Czachor
2376,06009,38.11,Tadeusz Madej
2377,21648,38.06,Władysław Baniewski
2378,08315,37.94,Waldemar Jędryka
2379,20199,37.92,Jakub Napierała
2380,05315,37.91,Maciej Piasecki
2381,03908,37.8,Maciej Raczyński
2382,16435,37.77,Janusz Hamryszak
2383,09872,37.77,Tadeusz Owczarz
2384,15461,37.63,Ireneusz Wojtyniak
2385,15460,37.63,Ryszard Tosiek
2386,05525,37.63,Maciej Wybranowski
2387,05349,37.63,Andrzej Richter
2388,19146,37.6,Alicja Janaszek
2389,09020,37.6,Kazimierz Grzeszkowiak
2390,20197,37.45,Władysław Karliński
2391,20772,37.19,Jacek Rejniak
2392,06475,37.11,Danuta Skonieczna
2393,05277,37.05,Hieronim Nowacki
2394,08991,36.99,Grzegorz Seweryn
2395,18189,36.89,Marcin Marcinkowski
2396,18849,36.84,Andrzej Piwakowski
2397,13329,36.81,Grzegorz Szelenbaum
2398,20192,36.74,Ryszard Paluczek
2399,20193,36.74,Elżbieta Paluczek
2400,20166,36.69,Krzysztof Siniecki
2401,20548,36.61,Marta Walczyk
2402,21410,36.54,Elżbieta Kajdy
2403,12382,36.38,Zygmunt Adamski
2404,17677,36.38,Zdzisław Kuc
2405,04411,36.33,Zbigniew Prasek
2406,10118,36.28,Jarosław Pęski
2407,09267,36.28,Ewa Piotrowska
2408,20045,36.27,Renata Lachowska
2409,03435,36.23,Ireneusz Płocha
2410,03577,36.23,Edward Warecki
2411,21413,36.1,Dariusz Grochowiak
2412,15855,36.1,Roman Kowalewicz
2413,20007,36.06,Monika Gwiazdowska
2414,20021,36.06,Małgorzata Kołakowska
2415,05420,35.91,Alicja Stefanowska
2416,17386,35.85,Wojciech Potapczyk
2417,19733,35.85,Bruno Woźniakiewicz
2418,16699,35.82,Arkadiusz Poziemski
2419,16446,35.74,Robert Szabla
2420,04204,35.69,Henryk Borzym
2421,18435,35.61,Edward Poselt
2422,09265,35.48,Marian Jarosiński
2423,19031,35.39,Malwina Filipek
2424,04504,35.3,Arkadiusz Wojtecki
2425,09704,35.11,Jarosław Mróz
2426,19569,34.78,Dariusz Starzyński
2427,15004,34.76,Tomasz Kręglewski
2428,19128,34.59,Zenon Łuczak
2429,20897,34.49,Anna Kołłątaj
2430,14445,34.22,Andrzej Mackiewicz
2431,20198,34.17,Krystyna Kozik
2432,19152,33.5,Stanisław Gorzelak
2433,01652,33.44,Michał Stadnik
2434,07001,33.43,Elżbieta Wodzińska
2435,20136,32.97,Adrian Foltyn
2436,18073,32.97,Eugeniusz Kubiak
2437,19103,32.89,Piotr Guzik
2438,15338,32.66,Tadeusz Zawada
2439,20246,32.5,Zenon Elert
2440,15863,32.46,Zdzisław Marcinkowski
2441,20349,32.17,Izabela Górnicka
2442,20336,31.49,Jerzy Szczerbiński
2443,20333,31.49,Jerzy Sztejnert
2444,08880,31.44,Alina Zaręba
2445,18858,31.36,Michał Frączek
2446,19814,31.36,Franciszek Rychlik
2447,21207,31.29,Zdzisław Tomyślak
2448,17659,30.11,Jerzy Noworol
2449,11593,30.11,Anna Sencerz
2450,20504,29.92,Władysław Król
2451,19834,29.9,Henryk Grześ
2452,14867,29.3,Marian Blicharz
2453,21082,29.21,Lesław Kaczmarski
2454,20657,28.92,Mikołaj Kubiczek
2455,20806,28.92,Mateusz Bakalarski
2456,20719,28.84,Antoni Lipiński
2457,07559,28.54,Henryk Łęcki
